Installed 11 packages in 10ms
test_finish_for_the_wrong_instance_is_unknown (research.test_execution_oracle.ExecutionOracleTests.test_finish_for_the_wrong_instance_is_unknown) ... ok
test_post_count_is_not_execution_count (research.test_execution_oracle.ExecutionOracleTests.test_post_count_is_not_execution_count) ... ok
test_required_self_checks_pass (research.test_execution_oracle.ExecutionOracleTests.test_required_self_checks_pass) ... ok
test_same_prompt_id_gets_distinct_execution_instances (research.test_execution_oracle.ExecutionOracleTests.test_same_prompt_id_gets_distinct_execution_instances) ... ok
test_started_without_finish_is_unknown (research.test_execution_oracle.ExecutionOracleTests.test_started_without_finish_is_unknown) ... ok
test_cli_export_refuses_overwrite (research.test_export_records.ExportRecordTests.test_cli_export_refuses_overwrite) ... ok
test_cli_style_artifact_path_hash_is_read_only (research.test_export_records.ExportRecordTests.test_cli_style_artifact_path_hash_is_read_only) ... ok
test_contradictory_oracle_is_unknown_and_not_verified (research.test_export_records.ExportRecordTests.test_contradictory_oracle_is_unknown_and_not_verified) ... ok
test_explicit_unknown_and_product_failure_do_not_become_execution_failure (research.test_export_records.ExportRecordTests.test_explicit_unknown_and_product_failure_do_not_become_execution_failure) ... ok
test_input_and_artifact_paths_cannot_escape_evidence_root (research.test_export_records.ExportRecordTests.test_input_and_artifact_paths_cannot_escape_evidence_root) ... ok
test_legal_input_preserves_raw_and_records_all_bindings (research.test_export_records.ExportRecordTests.test_legal_input_preserves_raw_and_records_all_bindings) ... ok
test_mismatch_is_retained_and_not_reconciled (research.test_export_records.ExportRecordTests.test_mismatch_is_retained_and_not_reconciled) ... ok
test_missing_fields_are_explicit_unknown_or_null_with_reasons (research.test_export_records.ExportRecordTests.test_missing_fields_are_explicit_unknown_or_null_with_reasons) ... ok
test_succeeded_without_exact_oracle_binding_is_not_verified (research.test_export_records.ExportRecordTests.test_succeeded_without_exact_oracle_binding_is_not_verified) ... ok
test_symlinked_evidence_path_cannot_escape_evidence_root (research.test_export_records.ExportRecordTests.test_symlinked_evidence_path_cannot_escape_evidence_root) ... ok
test_each_case_has_expected_barrier_job_submission_execution_and_recovery (research.test_run_fault_matrix.FaultMatrixSemanticsTests.test_each_case_has_expected_barrier_job_submission_execution_and_recovery) ... ok
test_execution_observations_are_not_failure_rates (research.test_run_fault_matrix.FaultMatrixSemanticsTests.test_execution_observations_are_not_failure_rates) ... ok
test_fault_and_control_denominators_are_separate (research.test_run_fault_matrix.FaultMatrixSemanticsTests.test_fault_and_control_denominators_are_separate) ... ok
test_fixture_overlay_never_enters_production_catalog_or_runtime_data (test_anime_vertical_slice.AnimeVerticalSliceTests.test_fixture_overlay_never_enters_production_catalog_or_runtime_data) ... ok
test_postprocess_warning_retains_original_without_regeneration (test_anime_vertical_slice.AnimeVerticalSliceTests.test_postprocess_warning_retains_original_without_regeneration) ... ok
test_two_round_anime_loop_records_evidence_and_exact_upscaled_final (test_anime_vertical_slice.AnimeVerticalSliceTests.test_two_round_anime_loop_records_evidence_and_exact_upscaled_final) ... ok
test_active_generation_prevents_final_publication_without_pending_leak (test_asset_run_engine.AssetRunEngineTests.test_active_generation_prevents_final_publication_without_pending_leak) ... ok
test_ambiguous_single_stage_submit_blocks_resubmission (test_asset_run_engine.AssetRunEngineTests.test_ambiguous_single_stage_submit_blocks_resubmission) ... ok
test_argument_validation_happens_before_state_mutation (test_asset_run_engine.AssetRunEngineTests.test_argument_validation_happens_before_state_mutation) ... ok
test_auto_policy_without_explicit_postprocess_never_calls_adapter (test_asset_run_engine.AssetRunEngineTests.test_auto_policy_without_explicit_postprocess_never_calls_adapter) ... ok
test_backend_failure_is_recorded_without_consuming_round (test_asset_run_engine.AssetRunEngineTests.test_backend_failure_is_recorded_without_consuming_round) ... ok
test_backend_result_must_match_requested_backend_seed_and_integer_dimensions (test_asset_run_engine.AssetRunEngineTests.test_backend_result_must_match_requested_backend_seed_and_integer_dimensions) ... ok
test_backend_result_path_must_remain_inside_the_run (test_asset_run_engine.AssetRunEngineTests.test_backend_result_path_must_remain_inside_the_run) ... ok
test_branch_prepare_and_confirm_delegate_to_injected_services (test_asset_run_engine.AssetRunEngineTests.test_branch_prepare_and_confirm_delegate_to_injected_services) ... ok
test_bundled_profile_low_critical_score_needs_user_review (test_asset_run_engine.AssetRunEngineTests.test_bundled_profile_low_critical_score_needs_user_review) ... ok
test_change_summary_is_required_before_state_mutation (test_asset_run_engine.AssetRunEngineTests.test_change_summary_is_required_before_state_mutation) ... ok
test_child_edit_modes_inject_only_branch_owned_backend_inputs (test_asset_run_engine.AssetRunEngineTests.test_child_edit_modes_inject_only_branch_owned_backend_inputs) ... ok
test_cleanup_requires_exact_confirmation (test_asset_run_engine.AssetRunEngineTests.test_cleanup_requires_exact_confirmation) ... ok
test_completed_preview_checks_manifest_raw_path_not_only_resolved_target (test_asset_run_engine.AssetRunEngineTests.test_completed_preview_checks_manifest_raw_path_not_only_resolved_target) ... ok
test_completed_preview_internal_symlink_is_rebuilt_when_supported (test_asset_run_engine.AssetRunEngineTests.test_completed_preview_internal_symlink_is_rebuilt_when_supported) ... ok
test_completed_preview_path_swap_after_descriptor_read_forces_rebuild (test_asset_run_engine.AssetRunEngineTests.test_completed_preview_path_swap_after_descriptor_read_forces_rebuild) ... ok
test_completed_preview_returns_bytes_and_hash_from_one_descriptor (test_asset_run_engine.AssetRunEngineTests.test_completed_preview_returns_bytes_and_hash_from_one_descriptor) ... ok
test_completed_retry_accepts_legacy_dot_preview_manifest_path (test_asset_run_engine.AssetRunEngineTests.test_completed_retry_accepts_legacy_dot_preview_manifest_path) ... ok
test_completed_retry_rebuilds_untrusted_preview_without_returning_png_bytes (test_asset_run_engine.AssetRunEngineTests.test_completed_retry_rebuilds_untrusted_preview_without_returning_png_bytes) ... ok
test_completed_retry_revalidates_artifact_and_never_calls_backend (test_asset_run_engine.AssetRunEngineTests.test_completed_retry_revalidates_artifact_and_never_calls_backend) ... ok
test_completed_round_copies_immutable_registry_metadata (test_asset_run_engine.AssetRunEngineTests.test_completed_round_copies_immutable_registry_metadata) ... ok
test_concurrent_engine_finalizer_cannot_delete_winner_pending_file (test_asset_run_engine.AssetRunEngineTests.test_concurrent_engine_finalizer_cannot_delete_winner_pending_file) ... ok
test_crash_after_marked_image_rebuilds_preview_without_backend (test_asset_run_engine.AssetRunEngineTests.test_crash_after_marked_image_rebuilds_preview_without_backend) ... ok
test_early_finalize_accepts_eligible_round (test_asset_run_engine.AssetRunEngineTests.test_early_finalize_accepts_eligible_round) ... ok
test_eligible_review_returns_candidate_not_acceptance (test_asset_run_engine.AssetRunEngineTests.test_eligible_review_returns_candidate_not_acceptance) ... ok
test_empty_directory_postprocess_residue_keeps_finalized_original (test_asset_run_engine.AssetRunEngineTests.test_empty_directory_postprocess_residue_keeps_finalized_original) ... ok
test_engine_rejects_non_exact_postprocess_before_adapter_work (test_asset_run_engine.AssetRunEngineTests.test_engine_rejects_non_exact_postprocess_before_adapter_work) ... ok
test_escaping_completed_preview_path_is_rebuilt_without_backend (test_asset_run_engine.AssetRunEngineTests.test_escaping_completed_preview_path_is_rebuilt_without_backend) ... ok
test_exact_candidate_confirmation_publishes_selected_bytes (test_asset_run_engine.AssetRunEngineTests.test_exact_candidate_confirmation_publishes_selected_bytes) ... ok
test_exhausted_custom_budget_does_not_publish_an_ineligible_round (test_asset_run_engine.AssetRunEngineTests.test_exhausted_custom_budget_does_not_publish_an_ineligible_round) ... ok
test_explicit_postprocess_rejects_non_anime_style_before_adapter_work (test_asset_run_engine.AssetRunEngineTests.test_explicit_postprocess_rejects_non_anime_style_before_adapter_work) ... ok
test_explicit_postprocess_rejects_off_policy_before_adapter_work (test_asset_run_engine.AssetRunEngineTests.test_explicit_postprocess_rejects_off_policy_before_adapter_work) ... ok
test_failed_postprocess_restores_original_after_source_becomes_directory (test_asset_run_engine.AssetRunEngineTests.test_failed_postprocess_restores_original_after_source_becomes_directory) ... ok
test_failed_postprocess_restores_original_after_source_becomes_junction (test_asset_run_engine.AssetRunEngineTests.test_failed_postprocess_restores_original_after_source_becomes_junction) ... ok
test_failed_postprocess_restores_original_when_adapter_mutates_source (test_asset_run_engine.AssetRunEngineTests.test_failed_postprocess_restores_original_when_adapter_mutates_source) ... ok
test_failed_postprocess_warns_returns_original_and_removes_pending_residue (test_asset_run_engine.AssetRunEngineTests.test_failed_postprocess_warns_returns_original_and_removes_pending_residue) ... ok
test_final_publication_rolls_back_engine_publisher_and_manifest_failures (test_asset_run_engine.AssetRunEngineTests.test_final_publication_rolls_back_engine_publisher_and_manifest_failures) ... ok
test_finalize_requires_exact_candidate_confirmation_before_copy (test_asset_run_engine.AssetRunEngineTests.test_finalize_requires_exact_candidate_confirmation_before_copy) ... ok
test_finalize_requires_strict_round_number_before_publication (test_asset_run_engine.AssetRunEngineTests.test_finalize_requires_strict_round_number_before_publication) ... ok
test_finalized_run_does_not_reexpose_finalization_candidate_after_restart (test_asset_run_engine.AssetRunEngineTests.test_finalized_run_does_not_reexpose_finalization_candidate_after_restart) ... ok
test_fused_anatomy_rejection_keeps_same_run_budget_and_has_no_candidate (test_asset_run_engine.AssetRunEngineTests.test_fused_anatomy_rejection_keeps_same_run_budget_and_has_no_candidate) ... ok
test_generation_completing_before_final_lock_rejects_preliminary_selection (test_asset_run_engine.AssetRunEngineTests.test_generation_completing_before_final_lock_rejects_preliminary_selection) ... ok
test_generation_rechecks_route_and_never_calls_backend_after_drift (test_asset_run_engine.AssetRunEngineTests.test_generation_rechecks_route_and_never_calls_backend_after_drift) ... ok
test_get_run_recovers_the_same_candidate_after_restart (test_asset_run_engine.AssetRunEngineTests.test_get_run_recovers_the_same_candidate_after_restart) ... ok
test_ineligible_nominated_round_stays_reviewed_before_budget_is_exhausted (test_asset_run_engine.AssetRunEngineTests.test_ineligible_nominated_round_stays_reviewed_before_budget_is_exhausted) ... ok
test_inpaint_mask_failures_happen_before_backend_invocation (test_asset_run_engine.AssetRunEngineTests.test_inpaint_mask_failures_happen_before_backend_invocation) ... ok
test_inpaint_mask_id_participates_in_idempotency_hash (test_asset_run_engine.AssetRunEngineTests.test_inpaint_mask_id_participates_in_idempotency_hash) ... ok
test_intermediate_cleanup_lifecycle_prunes_references_and_completed_retry (test_asset_run_engine.AssetRunEngineTests.test_intermediate_cleanup_lifecycle_prunes_references_and_completed_retry) ... ok
test_intermediate_cleanup_preserves_original_and_upscaled_final_references (test_asset_run_engine.AssetRunEngineTests.test_intermediate_cleanup_preserves_original_and_upscaled_final_references) ... ok
test_invalid_completed_preview_returns_warning_without_data_when_rebuild_is_unavailable (test_asset_run_engine.AssetRunEngineTests.test_invalid_completed_preview_returns_warning_without_data_when_rebuild_is_unavailable) ... ok
test_invalid_derived_plan_values_do_not_begin_attempt (test_asset_run_engine.AssetRunEngineTests.test_invalid_derived_plan_values_do_not_begin_attempt) ... ok
test_invalid_final_summary_does_not_publish_an_artifact (test_asset_run_engine.AssetRunEngineTests.test_invalid_final_summary_does_not_publish_an_artifact) ... ok
test_invalid_full_plan_does_not_begin_attempt (test_asset_run_engine.AssetRunEngineTests.test_invalid_full_plan_does_not_begin_attempt) ... ok
test_invalid_regional_generation_creates_no_attempt_or_backend_call (test_asset_run_engine.AssetRunEngineTests.test_invalid_regional_generation_creates_no_attempt_or_backend_call) ... ok
test_junction_postprocess_residue_removes_links_without_touching_targets (test_asset_run_engine.AssetRunEngineTests.test_junction_postprocess_residue_removes_links_without_touching_targets) ... ok
test_latest_generated_round_must_be_reviewed_before_selecting_earlier_round (test_asset_run_engine.AssetRunEngineTests.test_latest_generated_round_must_be_reviewed_before_selecting_earlier_round) ... ok
test_list_profiles_injects_capabilities_without_mutating_registry (test_asset_run_engine.AssetRunEngineTests.test_list_profiles_injects_capabilities_without_mutating_registry) ... ok
test_list_profiles_reports_sorted_postprocessor_capability_without_upscaling (test_asset_run_engine.AssetRunEngineTests.test_list_profiles_reports_sorted_postprocessor_capability_without_upscaling) ... ok
test_missing_initial_regional_conditioning_creates_no_run (test_asset_run_engine.AssetRunEngineTests.test_missing_initial_regional_conditioning_creates_no_run) ... ok
test_nested_mode_mismatch_is_rejected_before_attempt_or_backend (test_asset_run_engine.AssetRunEngineTests.test_nested_mode_mismatch_is_rejected_before_attempt_or_backend) ... ok
test_nominated_eligible_round_is_published_even_when_later_round_scores_higher (test_asset_run_engine.AssetRunEngineTests.test_nominated_eligible_round_is_published_even_when_later_round_scores_higher) ... ok
test_nominated_ineligible_round_cannot_use_an_accepted_round_confirmation (test_asset_run_engine.AssetRunEngineTests.test_nominated_ineligible_round_cannot_use_an_accepted_round_confirmation) ... ok
test_nonremovable_postprocess_residue_persists_sanitized_cleanup_warning (test_asset_run_engine.AssetRunEngineTests.test_nonremovable_postprocess_residue_persists_sanitized_cleanup_warning) ... ok
test_nonremovable_source_junction_returns_sanitized_failure (test_asset_run_engine.AssetRunEngineTests.test_nonremovable_source_junction_returns_sanitized_failure) ... skipped 'Windows junction cleanup semantics'
test_one_round_uses_pending_then_atomic_final_name_and_returns_bounded_preview (test_asset_run_engine.AssetRunEngineTests.test_one_round_uses_pending_then_atomic_final_name_and_returns_bounded_preview) ... ok
test_post_commit_cleanup_failure_returns_warning_and_retains_backup (test_asset_run_engine.AssetRunEngineTests.test_post_commit_cleanup_failure_returns_warning_and_retains_backup) ... ok
test_postprocess_capability_failure_warns_and_keeps_original_final (test_asset_run_engine.AssetRunEngineTests.test_postprocess_capability_failure_warns_and_keeps_original_final) ... ok
test_postprocess_pending_alias_resolution_cannot_delete_original_final (test_asset_run_engine.AssetRunEngineTests.test_postprocess_pending_alias_resolution_cannot_delete_original_final) ... ok
test_preview_warning_keeps_full_image_and_is_appended_to_run (test_asset_run_engine.AssetRunEngineTests.test_preview_warning_keeps_full_image_and_is_appended_to_run) ... ok
test_regional_start_persists_confirmation_and_executes_exact_backend_data (test_asset_run_engine.AssetRunEngineTests.test_regional_start_persists_confirmation_and_executes_exact_backend_data) ... ok
test_regional_start_rejects_route_geometry_drift_before_creating_run (test_asset_run_engine.AssetRunEngineTests.test_regional_start_rejects_route_geometry_drift_before_creating_run) ... ok
test_revision_and_mask_injection_preserves_existing_constructor_arguments (test_asset_run_engine.AssetRunEngineTests.test_revision_and_mask_injection_preserves_existing_constructor_arguments) ... ok
test_root_and_child_requests_cannot_override_fixed_edit_mode (test_asset_run_engine.AssetRunEngineTests.test_root_and_child_requests_cannot_override_fixed_edit_mode) ... ok
test_root_runs_remain_txt2img (test_asset_run_engine.AssetRunEngineTests.test_root_runs_remain_txt2img) ... ok
test_start_and_get_return_run_id_rubric_and_deterministic_actions (test_asset_run_engine.AssetRunEngineTests.test_start_and_get_return_run_id_rubric_and_deterministic_actions) ... ok
test_start_boundary_failure_does_not_consume_route_token (test_asset_run_engine.AssetRunEngineTests.test_start_boundary_failure_does_not_consume_route_token) ... ok
test_start_rejects_invalid_confirmed_requests_before_creating_run (test_asset_run_engine.AssetRunEngineTests.test_start_rejects_invalid_confirmed_requests_before_creating_run) ... ok
test_start_rejects_invalid_provider_capabilities (test_asset_run_engine.AssetRunEngineTests.test_start_rejects_invalid_provider_capabilities) ... ok
test_start_rejects_invalid_round_budget_before_creating_run (test_asset_run_engine.AssetRunEngineTests.test_start_rejects_invalid_round_budget_before_creating_run) ... ok
test_start_rejects_model_choice_that_differs_from_route (test_asset_run_engine.AssetRunEngineTests.test_start_rejects_model_choice_that_differs_from_route) ... ok
test_start_requires_non_empty_model_choice_before_engine_work (test_asset_run_engine.AssetRunEngineTests.test_start_requires_non_empty_model_choice_before_engine_work) ... ok
test_success_retains_route_compiled_prompt_and_records_observation (test_asset_run_engine.AssetRunEngineTests.test_success_retains_route_compiled_prompt_and_records_observation) ... ok
test_successful_anime_postprocess_retains_original_and_records_final_metadata (test_asset_run_engine.AssetRunEngineTests.test_successful_anime_postprocess_retains_original_and_records_final_metadata) ... ok
test_two_stage_backend_result_must_match_route_control_identity (test_asset_run_engine.AssetRunEngineTests.test_two_stage_backend_result_must_match_route_control_identity) ... ok
test_two_stage_base_only_failure_records_one_retained_stage (test_asset_run_engine.AssetRunEngineTests.test_two_stage_base_only_failure_records_one_retained_stage) ... ok
test_two_stage_cleanup_failure_still_fails_attempt_and_retries_cleanup (test_asset_run_engine.AssetRunEngineTests.test_two_stage_cleanup_failure_still_fails_attempt_and_retries_cleanup) ... ok
test_two_stage_malformed_trailing_output_retains_only_base_and_cleans_residue (test_asset_run_engine.AssetRunEngineTests.test_two_stage_malformed_trailing_output_retains_only_base_and_cleans_residue) ... ok
test_two_stage_mask_or_protected_pixel_failure_records_technical_partial (test_asset_run_engine.AssetRunEngineTests.test_two_stage_mask_or_protected_pixel_failure_records_technical_partial) ... ok
test_two_stage_partial_record_failure_fails_attempt_and_removes_retained_artifacts (test_asset_run_engine.AssetRunEngineTests.test_two_stage_partial_record_failure_fails_attempt_and_removes_retained_artifacts) ... ok
test_two_stage_retention_replace_failure_fails_attempt_and_removes_artifacts (test_asset_run_engine.AssetRunEngineTests.test_two_stage_retention_replace_failure_fails_attempt_and_removes_artifacts) ... ok
test_two_stage_success_compiles_both_prompts_and_commits_only_final_preview (test_asset_run_engine.AssetRunEngineTests.test_two_stage_success_compiles_both_prompts_and_commits_only_final_preview) ... ok
test_two_stage_timeout_recovers_exact_job_without_resubmission (test_asset_run_engine.AssetRunEngineTests.test_two_stage_timeout_recovers_exact_job_without_resubmission) ... ok
test_unavailable_postprocess_warns_and_returns_original_final (test_asset_run_engine.AssetRunEngineTests.test_unavailable_postprocess_warns_and_returns_original_final) ... ok
test_unexpected_exception_releases_owned_attempt_lock (test_asset_run_engine.AssetRunEngineTests.test_unexpected_exception_releases_owned_attempt_lock) ... ok
test_unreviewed_or_nonexistent_nominated_round_is_rejected_before_publication (test_asset_run_engine.AssetRunEngineTests.test_unreviewed_or_nonexistent_nominated_round_is_rejected_before_publication) ... ok
test_dispatches_only_registered_adapters_or_explicit_compatibility_runners (test_backend_base.BackendRegistryTests.test_dispatches_only_registered_adapters_or_explicit_compatibility_runners) ... ok
test_duplicate_adapter_ids_are_rejected (test_backend_base.BackendRegistryTests.test_duplicate_adapter_ids_are_rejected) ... ok
test_general_layout_capability_preserves_regional_alias (test_backend_base.BackendRegistryTests.test_general_layout_capability_preserves_regional_alias) ... ok
test_cross_origin_redirect_is_rejected_without_contacting_target (test_backend_base.BoundedJsonClientTests.test_cross_origin_redirect_is_rejected_without_contacting_target) ... ok
test_get_transport_failure_does_not_mark_submission_outcome_unknown (test_backend_base.BoundedJsonClientTests.test_get_transport_failure_does_not_mark_submission_outcome_unknown) ... ok
test_malformed_json_and_http_errors_are_structured (test_backend_base.BoundedJsonClientTests.test_malformed_json_and_http_errors_are_structured) ... ok
test_post_http_failure_does_not_mark_submission_outcome_unknown (test_backend_base.BoundedJsonClientTests.test_post_http_failure_does_not_mark_submission_outcome_unknown) ... ok
test_post_transport_failure_marks_submission_outcome_unknown (test_backend_base.BoundedJsonClientTests.test_post_transport_failure_marks_submission_outcome_unknown) ... ok
test_reads_and_posts_json_on_the_frozen_origin (test_backend_base.BoundedJsonClientTests.test_reads_and_posts_json_on_the_frozen_origin) ... ok
test_rejects_absolute_or_ambiguous_request_paths (test_backend_base.BoundedJsonClientTests.test_rejects_absolute_or_ambiguous_request_paths) ... ok
test_rejects_oversized_response_before_json_decode (test_backend_base.BoundedJsonClientTests.test_rejects_oversized_response_before_json_decode) ... ok
test_lan_requires_exact_transmission_confirmation (test_backend_base.EndpointPolicyTests.test_lan_requires_exact_transmission_confirmation) ... ok
test_loopback_is_local_and_canonical (test_backend_base.EndpointPolicyTests.test_loopback_is_local_and_canonical) ... ok
test_public_endpoint_is_rejected (test_backend_base.EndpointPolicyTests.test_public_endpoint_is_rejected) ... ok
test_rejects_credentials_dns_https_and_non_root_paths (test_backend_base.EndpointPolicyTests.test_rejects_credentials_dns_https_and_non_root_paths) ... ok
test_accepts_all_registered_backends_and_returns_a_copy (test_backend_contract.BackendContractTests.test_accepts_all_registered_backends_and_returns_a_copy) ... ok
test_comfyui_requires_a_workflow_job_id (test_backend_contract.BackendContractTests.test_comfyui_requires_a_workflow_job_id) ... ok
test_exact_backend_must_be_advertised (test_backend_contract.BackendContractTests.test_exact_backend_must_be_advertised) ... ok
test_fixed_backend_must_match_exactly (test_backend_contract.BackendContractTests.test_fixed_backend_must_match_exactly) ... ok
test_non_two_stage_results_reject_two_stage_metadata (test_backend_contract.BackendContractTests.test_non_two_stage_results_reject_two_stage_metadata) ... ok
test_rejects_each_missing_required_field (test_backend_contract.BackendContractTests.test_rejects_each_missing_required_field) ... ok
test_rejects_invalid_results_with_stable_error_code (test_backend_contract.BackendContractTests.test_rejects_invalid_results_with_stable_error_code) ... ok
test_required_fields_are_the_normalized_cross_backend_contract (test_backend_contract.BackendContractTests.test_required_fields_are_the_normalized_cross_backend_contract) ... ok
test_two_stage_backend_result_rejects_invalid_stage_metadata (test_backend_contract.BackendContractTests.test_two_stage_backend_result_rejects_invalid_stage_metadata) ... ok
test_two_stage_backend_result_requires_exact_stage_shape (test_backend_contract.BackendContractTests.test_two_stage_backend_result_requires_exact_stage_shape) ... ok
test_abandoned_empty_startup_lock_is_reclaimed_after_grace_period (test_backend_lifecycle.BackendLifecycleTests.test_abandoned_empty_startup_lock_is_reclaimed_after_grace_period) ... ok
test_config_builds_the_fixed_isolated_loopback_command (test_backend_lifecycle.BackendLifecycleTests.test_config_builds_the_fixed_isolated_loopback_command) ... ok
test_config_rejects_non_loopback_or_incomplete_portable_roots (test_backend_lifecycle.BackendLifecycleTests.test_config_rejects_non_loopback_or_incomplete_portable_roots) ... ok
test_database_lock_exit_is_startup_conflict_not_model_absence (test_backend_lifecycle.BackendLifecycleTests.test_database_lock_exit_is_startup_conflict_not_model_absence) ... ok
test_dead_owner_startup_lock_is_reclaimed_before_launch (test_backend_lifecycle.BackendLifecycleTests.test_dead_owner_startup_lock_is_reclaimed_before_launch) ... ok
test_existing_backend_is_reused_and_never_owned (test_backend_lifecycle.BackendLifecycleTests.test_existing_backend_is_reused_and_never_owned) ... ok
test_exited_process_returns_bounded_structured_error_without_full_timeout (test_backend_lifecycle.BackendLifecycleTests.test_exited_process_returns_bounded_structured_error_without_full_timeout) ... ok
test_independent_supervisors_coordinate_one_cold_start_and_reuse_it (test_backend_lifecycle.BackendLifecycleTests.test_independent_supervisors_coordinate_one_cold_start_and_reuse_it) ... ok
test_log_directory_failure_restores_environment (test_backend_lifecycle.BackendLifecycleTests.test_log_directory_failure_restores_environment) ... ok
test_non_windows_rejection_does_not_mutate_environment (test_backend_lifecycle.BackendLifecycleTests.test_non_windows_rejection_does_not_mutate_environment) ... ok
test_owned_process_is_retained_when_queue_is_nonempty (test_backend_lifecycle.BackendLifecycleTests.test_owned_process_is_retained_when_queue_is_nonempty) ... ok
test_owned_process_is_retained_when_queue_state_is_unknown (test_backend_lifecycle.BackendLifecycleTests.test_owned_process_is_retained_when_queue_state_is_unknown) ... ok
test_owned_process_uses_fixed_command_and_stops_only_when_queue_is_empty (test_backend_lifecycle.BackendLifecycleTests.test_owned_process_uses_fixed_command_and_stops_only_when_queue_is_empty) ... ok
test_port_conflict_reuses_only_a_reprobed_healthy_endpoint (test_backend_lifecycle.BackendLifecycleTests.test_port_conflict_reuses_only_a_reprobed_healthy_endpoint) ... ok
test_two_python_processes_share_one_cold_start (test_backend_lifecycle.BackendLifecycleTests.test_two_python_processes_share_one_cold_start) ... ok
test_unhealthy_owned_process_is_terminated_when_startup_times_out (test_backend_lifecycle.BackendLifecycleTests.test_unhealthy_owned_process_is_terminated_when_startup_times_out) ... ok
test_fixture_manifest_normalizes_to_immutable_artifacts (test_bootstrap_catalog.BootstrapCatalogTests.test_fixture_manifest_normalizes_to_immutable_artifacts) ... ok
test_loader_rejects_duplicate_json_fields (test_bootstrap_catalog.BootstrapCatalogTests.test_loader_rejects_duplicate_json_fields) ... ok
test_loader_rejects_invalid_json (test_bootstrap_catalog.BootstrapCatalogTests.test_loader_rejects_invalid_json) ... ok
test_manifest_digest_is_stable_for_key_order (test_bootstrap_catalog.BootstrapCatalogTests.test_manifest_digest_is_stable_for_key_order) ... ok
test_production_manifest_freezes_approved_sources (test_bootstrap_catalog.BootstrapCatalogTests.test_production_manifest_freezes_approved_sources) ... ok
test_rejects_invalid_workflow_binding (test_bootstrap_catalog.BootstrapCatalogTests.test_rejects_invalid_workflow_binding) ... ok
test_rejects_missing_license_metadata (test_bootstrap_catalog.BootstrapCatalogTests.test_rejects_missing_license_metadata) ... ok
test_rejects_more_than_one_default_model (test_bootstrap_catalog.BootstrapCatalogTests.test_rejects_more_than_one_default_model) ... ok
test_rejects_non_https_and_unapproved_or_mismatched_hosts (test_bootstrap_catalog.BootstrapCatalogTests.test_rejects_non_https_and_unapproved_or_mismatched_hosts) ... ok
test_rejects_noncanonical_hashes_and_invalid_sizes (test_bootstrap_catalog.BootstrapCatalogTests.test_rejects_noncanonical_hashes_and_invalid_sizes) ... ok
test_rejects_unknown_fields_at_every_level (test_bootstrap_catalog.BootstrapCatalogTests.test_rejects_unknown_fields_at_every_level) ... ok
test_rejects_unsafe_install_paths (test_bootstrap_catalog.BootstrapCatalogTests.test_rejects_unsafe_install_paths) ... ok
test_rejects_unsupported_platform_contract (test_bootstrap_catalog.BootstrapCatalogTests.test_rejects_unsupported_platform_contract) ... ok
test_conflicting_existing_artifacts_are_never_overwritten (test_bootstrap_catalog.BootstrapPlannerTests.test_conflicting_existing_artifacts_are_never_overwritten) ... ok
test_default_bootstrap_paths_are_user_local_and_do_not_create_directories (test_bootstrap_catalog.BootstrapPlannerTests.test_default_bootstrap_paths_are_user_local_and_do_not_create_directories) ... ok
test_existing_exact_portable_and_model_are_reused (test_bootstrap_catalog.BootstrapPlannerTests.test_existing_exact_portable_and_model_are_reused) ... ok
test_existing_portable_downloads_only_the_missing_model (test_bootstrap_catalog.BootstrapPlannerTests.test_existing_portable_downloads_only_the_missing_model) ... ok
test_insufficient_disk_blocks_before_confirmation (test_bootstrap_catalog.BootstrapPlannerTests.test_insufficient_disk_blocks_before_confirmation) ... ok
test_insufficient_vram_is_an_unsupported_contract (test_bootstrap_catalog.BootstrapPlannerTests.test_insufficient_vram_is_an_unsupported_contract) ... ok
test_missing_download_with_no_network_permission_is_blocked (test_bootstrap_catalog.BootstrapPlannerTests.test_missing_download_with_no_network_permission_is_blocked) ... ok
test_missing_portable_and_model_require_exact_confirmed_actions (test_bootstrap_catalog.BootstrapPlannerTests.test_missing_portable_and_model_require_exact_confirmed_actions) ... ok
test_plan_identity_is_deterministic_and_binds_install_root (test_bootstrap_catalog.BootstrapPlannerTests.test_plan_identity_is_deterministic_and_binds_install_root) ... ok
test_planning_makes_no_network_or_process_calls (test_bootstrap_catalog.BootstrapPlannerTests.test_planning_makes_no_network_or_process_calls) ... ok
test_ready_endpoint_requires_no_install_or_confirmation (test_bootstrap_catalog.BootstrapPlannerTests.test_ready_endpoint_requires_no_install_or_confirmation) ... ok
test_scope_record_binds_artifact_sources_licenses_and_hashes (test_bootstrap_catalog.BootstrapPlannerTests.test_scope_record_binds_artifact_sources_licenses_and_hashes) ... ok
test_unsupported_system_contracts_stop_without_actions (test_bootstrap_catalog.BootstrapPlannerTests.test_unsupported_system_contracts_stop_without_actions) ... ok
test_portable_layout_rejects_missing_wrong_type_or_outside_markers (test_bootstrap_download.ArchiveBoundaryTests.test_portable_layout_rejects_missing_wrong_type_or_outside_markers) ... ok
test_rejects_absolute_drive_unc_traversal_and_ambiguous_paths (test_bootstrap_download.ArchiveBoundaryTests.test_rejects_absolute_drive_unc_traversal_and_ambiguous_paths) ... ok
test_rejects_empty_or_invalid_entry_metadata (test_bootstrap_download.ArchiveBoundaryTests.test_rejects_empty_or_invalid_entry_metadata) ... ok
test_rejects_exact_casefold_and_unicode_destination_collisions (test_bootstrap_download.ArchiveBoundaryTests.test_rejects_exact_casefold_and_unicode_destination_collisions) ... ok
test_rejects_excessive_entry_count_and_expanded_bytes (test_bootstrap_download.ArchiveBoundaryTests.test_rejects_excessive_entry_count_and_expanded_bytes) ... ok
test_rejects_file_parent_conflicts (test_bootstrap_download.ArchiveBoundaryTests.test_rejects_file_parent_conflicts) ... ok
test_rejects_inconsistent_implicit_parent_casing (test_bootstrap_download.ArchiveBoundaryTests.test_rejects_inconsistent_implicit_parent_casing) ... ok
test_rejects_links_reparse_and_special_entries (test_bootstrap_download.ArchiveBoundaryTests.test_rejects_links_reparse_and_special_entries) ... ok
test_rejects_windows_device_names_in_any_segment (test_bootstrap_download.ArchiveBoundaryTests.test_rejects_windows_device_names_in_any_segment) ... ok
test_valid_inventory_is_normalized_without_writing (test_bootstrap_download.ArchiveBoundaryTests.test_valid_inventory_is_normalized_without_writing) ... ok
test_declared_length_mismatch_and_oversize_are_rejected_before_write (test_bootstrap_download.BootstrapDownloadTests.test_declared_length_mismatch_and_oversize_are_rejected_before_write) ... ok
test_early_eof_retains_resumable_part (test_bootstrap_download.BootstrapDownloadTests.test_early_eof_retains_resumable_part) ... ok
test_exact_existing_cache_file_is_reused_without_request (test_bootstrap_download.BootstrapDownloadTests.test_exact_existing_cache_file_is_reused_without_request) ... ok
test_full_transfer_returns_only_exact_verified_cache_file (test_bootstrap_download.BootstrapDownloadTests.test_full_transfer_returns_only_exact_verified_cache_file) ... ok
test_interrupted_transfer_retains_part_and_resumes_with_range (test_bootstrap_download.BootstrapDownloadTests.test_interrupted_transfer_retains_part_and_resumes_with_range) ... ok
test_invalid_artifact_types_fail_structurally_before_request (test_bootstrap_download.BootstrapDownloadTests.test_invalid_artifact_types_fail_structurally_before_request) ... ok
test_plain_http_is_rejected_without_explicit_loopback_test_mode (test_bootstrap_download.BootstrapDownloadTests.test_plain_http_is_rejected_without_explicit_loopback_test_mode) ... ok
test_redirect_allowlist_is_bound_to_the_original_provider (test_bootstrap_download.BootstrapDownloadTests.test_redirect_allowlist_is_bound_to_the_original_provider) ... ok
test_redirect_host_drift_is_rejected_before_follow (test_bootstrap_download.BootstrapDownloadTests.test_redirect_host_drift_is_rejected_before_follow) ... ok
test_same_host_redirect_is_allowed (test_bootstrap_download.BootstrapDownloadTests.test_same_host_redirect_is_allowed) ... ok
test_server_ignoring_range_restarts_from_zero (test_bootstrap_download.BootstrapDownloadTests.test_server_ignoring_range_restarts_from_zero) ... ok
test_stream_exceeding_declared_artifact_size_is_deleted (test_bootstrap_download.BootstrapDownloadTests.test_stream_exceeding_declared_artifact_size_is_deleted) ... ok
test_timeout_is_structured_and_never_promotes_part (test_bootstrap_download.BootstrapDownloadTests.test_timeout_is_structured_and_never_promotes_part) ... ok
test_wrong_hash_removes_completed_corrupt_part (test_bootstrap_download.BootstrapDownloadTests.test_wrong_hash_removes_completed_corrupt_part) ... ok
test_archive_snapshot_without_expected_size_is_bounded (test_bootstrap_download.PortableExtractionTests.test_archive_snapshot_without_expected_size_is_bounded) ... ok
test_archive_symlink_is_rejected_before_extraction (test_bootstrap_download.PortableExtractionTests.test_archive_symlink_is_rejected_before_extraction) ... ok
test_bcj2_stream_closes_each_member_before_opening_the_next_member (test_bootstrap_download.PortableExtractionTests.test_bcj2_stream_closes_each_member_before_opening_the_next_member) ... skipped 'Windows bsdtar BCJ2 fallback'
test_controlled_writer_uses_constant_time_parent_identity_lookup (test_bootstrap_download.PortableExtractionTests.test_controlled_writer_uses_constant_time_parent_identity_lookup) ... ERROR
test_exact_py7zr_version_is_required_before_staging (test_bootstrap_download.PortableExtractionTests.test_exact_py7zr_version_is_required_before_staging) ... FAIL
test_existing_destination_is_preserved_without_staging (test_bootstrap_download.PortableExtractionTests.test_existing_destination_is_preserved_without_staging) ... FAIL
test_extraction_uses_the_exact_verified_archive_handle_after_path_replacement (test_bootstrap_download.PortableExtractionTests.test_extraction_uses_the_exact_verified_archive_handle_after_path_replacement) ... skipped 'Windows portable promotion contract'
test_extractor_failure_preserves_other_plan_and_uses_platform_cleanup_contract (test_bootstrap_download.PortableExtractionTests.test_extractor_failure_preserves_other_plan_and_uses_platform_cleanup_contract) ... FAIL
test_missing_or_wrong_type_portable_markers_fail_before_promotion (test_bootstrap_download.PortableExtractionTests.test_missing_or_wrong_type_portable_markers_fail_before_promotion) ... 
  test_missing_or_wrong_type_portable_markers_fail_before_promotion (test_bootstrap_download.PortableExtractionTests.test_missing_or_wrong_type_portable_markers_fail_before_promotion) (options={'include_main': False}) ... FAIL
  test_missing_or_wrong_type_portable_markers_fail_before_promotion (test_bootstrap_download.PortableExtractionTests.test_missing_or_wrong_type_portable_markers_fail_before_promotion) (options={'python_is_directory': True}) ... FAIL
test_mixed_case_archive_paths_preserve_physical_casing (test_bootstrap_download.PortableExtractionTests.test_mixed_case_archive_paths_preserve_physical_casing) ... skipped 'Windows portable promotion contract'
test_official_bcj2_method_is_extracted_through_the_safe_public_boundary (test_bootstrap_download.PortableExtractionTests.test_official_bcj2_method_is_extracted_through_the_safe_public_boundary) ... skipped 'Windows bsdtar BCJ2 fallback'
test_portable_extraction_never_uses_path_based_extractall (test_bootstrap_download.PortableExtractionTests.test_portable_extraction_never_uses_path_based_extractall) ... skipped 'Windows portable promotion contract'
test_portable_writer_swap_back_never_writes_nonempty_external_file (test_bootstrap_download.PortableExtractionTests.test_portable_writer_swap_back_never_writes_nonempty_external_file) ... skipped 'Windows junction swap-back semantics'
test_post_extraction_inventory_drift_retains_unowned_residue (test_bootstrap_download.PortableExtractionTests.test_post_extraction_inventory_drift_retains_unowned_residue) ... 
  test_post_extraction_inventory_drift_retains_unowned_residue (test_bootstrap_download.PortableExtractionTests.test_post_extraction_inventory_drift_retains_unowned_residue) (mutation='unexpected_file') ... FAIL
  test_post_extraction_inventory_drift_retains_unowned_residue (test_bootstrap_download.PortableExtractionTests.test_post_extraction_inventory_drift_retains_unowned_residue) (mutation='type_drift') ... FAIL
test_post_extraction_rejects_physical_case_drift (test_bootstrap_download.PortableExtractionTests.test_post_extraction_rejects_physical_case_drift) ... ok
test_post_promotion_parent_swap_never_cleans_external_paths (test_bootstrap_download.PortableExtractionTests.test_post_promotion_parent_swap_never_cleans_external_paths) ... skipped 'Windows portable promotion contract'
test_promotion_time_swap_back_returns_portable_to_captured_root (test_bootstrap_download.PortableExtractionTests.test_promotion_time_swap_back_returns_portable_to_captured_root) ... skipped 'Windows handle-relative promotion semantics'
test_safe_archive_is_staged_validated_and_atomically_placed (test_bootstrap_download.PortableExtractionTests.test_safe_archive_is_staged_validated_and_atomically_placed) ... skipped 'Windows portable promotion contract'
test_snapshot_ancestor_swap_back_never_receives_archive_bytes (test_bootstrap_download.PortableExtractionTests.test_snapshot_ancestor_swap_back_never_receives_archive_bytes) ... skipped 'Windows junction swap-back semantics'
test_staging_replacement_after_creation_fails_before_external_write (test_bootstrap_download.PortableExtractionTests.test_staging_replacement_after_creation_fails_before_external_write) ... ok
test_successful_promotion_is_not_reported_failed_when_staging_cleanup_races (test_bootstrap_download.PortableExtractionTests.test_successful_promotion_is_not_reported_failed_when_staging_cleanup_races) ... skipped 'Windows portable promotion contract'
test_verified_archive_snapshot_uses_the_selected_install_volume (test_bootstrap_download.PortableExtractionTests.test_verified_archive_snapshot_uses_the_selected_install_volume) ... skipped 'Windows portable promotion contract'
test_concurrent_confirmation_cannot_enter_downloader_twice (test_bootstrap_service.BootstrapServiceTests.test_concurrent_confirmation_cannot_enter_downloader_twice) ... skipped 'Windows bootstrap installation contract'
test_different_confirmation_cannot_replay_completed_transaction (test_bootstrap_service.BootstrapServiceTests.test_different_confirmation_cannot_replay_completed_transaction) ... ok
test_disappeared_valid_model_persists_missing_and_replays_as_consumed (test_bootstrap_service.BootstrapServiceTests.test_disappeared_valid_model_persists_missing_and_replays_as_consumed) ... skipped 'Windows bootstrap installation contract'
test_disappeared_valid_portable_persists_missing_and_replays_as_consumed (test_bootstrap_service.BootstrapServiceTests.test_disappeared_valid_portable_persists_missing_and_replays_as_consumed) ... ok
test_download_byte_total_must_match_frozen_actions (test_bootstrap_service.BootstrapServiceTests.test_download_byte_total_must_match_frozen_actions) ... ok
test_downloader_source_equal_to_model_staging_is_never_unlinked (test_bootstrap_service.BootstrapServiceTests.test_downloader_source_equal_to_model_staging_is_never_unlinked) ... ok
test_duplicate_plan_fields_are_rejected_before_download (test_bootstrap_service.BootstrapServiceTests.test_duplicate_plan_fields_are_rejected_before_download) ... ok
test_edited_completed_transaction_is_not_treated_as_idempotent (test_bootstrap_service.BootstrapServiceTests.test_edited_completed_transaction_is_not_treated_as_idempotent) ... skipped 'Windows bootstrap installation contract'
test_edited_failed_transaction_with_unknown_code_is_rejected (test_bootstrap_service.BootstrapServiceTests.test_edited_failed_transaction_with_unknown_code_is_rejected) ... ok
test_edited_scope_is_rejected_before_download (test_bootstrap_service.BootstrapServiceTests.test_edited_scope_is_rejected_before_download) ... ok
test_exact_confirmation_executes_once_and_then_is_idempotent (test_bootstrap_service.BootstrapServiceTests.test_exact_confirmation_executes_once_and_then_is_idempotent) ... skipped 'Windows bootstrap installation contract'
test_failed_execution_consumes_confirmation_without_retry (test_bootstrap_service.BootstrapServiceTests.test_failed_execution_consumes_confirmation_without_retry) ... ok
test_failed_replay_reports_only_current_exact_cache_evidence (test_bootstrap_service.BootstrapServiceTests.test_failed_replay_reports_only_current_exact_cache_evidence) ... ok
test_hard_linked_plan_record_is_rejected_before_download (test_bootstrap_service.BootstrapServiceTests.test_hard_linked_plan_record_is_rejected_before_download) ... ok
test_impossible_retained_provenance_is_rejected_on_replay (test_bootstrap_service.BootstrapServiceTests.test_impossible_retained_provenance_is_rejected_on_replay) ... ok
test_incomplete_completed_transaction_is_not_idempotent_success (test_bootstrap_service.BootstrapServiceTests.test_incomplete_completed_transaction_is_not_idempotent_success) ... ok
test_injected_downloader_output_is_reverified_before_model_placement (test_bootstrap_service.BootstrapServiceTests.test_injected_downloader_output_is_reverified_before_model_placement) ... ok
test_install_root_identity_drift_is_rejected_before_download (test_bootstrap_service.BootstrapServiceTests.test_install_root_identity_drift_is_rejected_before_download) ... ok
test_install_root_parent_swap_during_staging_creation_never_promotes_external_portable (test_bootstrap_service.BootstrapServiceTests.test_install_root_parent_swap_during_staging_creation_never_promotes_external_portable) ... FAIL
test_invalid_artifact_metadata_is_rejected_without_consuming_confirmation (test_bootstrap_service.BootstrapServiceTests.test_invalid_artifact_metadata_is_rejected_without_consuming_confirmation) ... ok
test_keyboard_interrupt_after_portable_commit_leaves_truthful_resumable_journal (test_bootstrap_service.BootstrapServiceTests.test_keyboard_interrupt_after_portable_commit_leaves_truthful_resumable_journal) ... skipped 'Windows bootstrap installation contract'
test_mismatched_confirmation_is_rejected_before_download (test_bootstrap_service.BootstrapServiceTests.test_mismatched_confirmation_is_rejected_before_download) ... ok
test_missing_confirmation_is_rejected_before_download (test_bootstrap_service.BootstrapServiceTests.test_missing_confirmation_is_rejected_before_download) ... ok
test_missing_pillow_runtime_smoke_rejects_install_before_model_download (test_bootstrap_service.BootstrapServiceTests.test_missing_pillow_runtime_smoke_rejects_install_before_model_download) ... skipped 'Windows bootstrap installation contract'
test_missing_portable_and_model_complete_fixed_install_without_starting_backend (test_bootstrap_service.BootstrapServiceTests.test_missing_portable_and_model_complete_fixed_install_without_starting_backend) ... skipped 'Windows bootstrap installation contract'
test_model_destination_drift_is_preserved_and_reported_pre_existing (test_bootstrap_service.BootstrapServiceTests.test_model_destination_drift_is_preserved_and_reported_pre_existing) ... ok
test_model_failure_retains_promoted_portable_and_consumes_confirmation (test_bootstrap_service.BootstrapServiceTests.test_model_failure_retains_promoted_portable_and_consumes_confirmation) ... skipped 'Windows bootstrap installation contract'
test_model_parent_swap_after_handle_promotion_never_writes_external_model (test_bootstrap_service.BootstrapServiceTests.test_model_parent_swap_after_handle_promotion_never_writes_external_model) ... skipped 'Windows bootstrap installation contract'
test_model_placement_rejects_a_link_like_parent_without_external_write (test_bootstrap_service.BootstrapServiceTests.test_model_placement_rejects_a_link_like_parent_without_external_write) ... ok
test_model_source_swap_after_verification_is_rejected_before_copy_read (test_bootstrap_service.BootstrapServiceTests.test_model_source_swap_after_verification_is_rejected_before_copy_read) ... ok
test_model_writer_swap_back_never_writes_nonempty_external_file (test_bootstrap_service.BootstrapServiceTests.test_model_writer_swap_back_never_writes_nonempty_external_file) ... skipped 'Windows junction swap-back semantics'
test_non_executable_facts_are_rejected_even_with_recomputed_identity (test_bootstrap_service.BootstrapServiceTests.test_non_executable_facts_are_rejected_even_with_recomputed_identity) ... ok
test_non_executable_scope_is_rejected_even_with_recomputed_identity (test_bootstrap_service.BootstrapServiceTests.test_non_executable_scope_is_rejected_even_with_recomputed_identity) ... ok
test_non_string_artifact_error_codes_use_the_fixed_failure_code (test_bootstrap_service.BootstrapServiceTests.test_non_string_artifact_error_codes_use_the_fixed_failure_code) ... ok
test_promotion_time_swap_back_returns_model_to_captured_parent (test_bootstrap_service.BootstrapServiceTests.test_promotion_time_swap_back_returns_model_to_captured_parent) ... skipped 'Windows handle-relative promotion semantics'
test_replaced_empty_model_parent_is_never_removed_by_failure_cleanup (test_bootstrap_service.BootstrapServiceTests.test_replaced_empty_model_parent_is_never_removed_by_failure_cleanup) ... skipped 'Windows Path.open staging injection'
test_replay_never_upgrades_marker_valid_late_portable_drift (test_bootstrap_service.BootstrapServiceTests.test_replay_never_upgrades_marker_valid_late_portable_drift) ... ok
test_replay_requires_fresh_plan_after_model_promotion_journal_gap (test_bootstrap_service.BootstrapServiceTests.test_replay_requires_fresh_plan_after_model_promotion_journal_gap) ... skipped 'Windows bootstrap installation contract'
test_replay_requires_fresh_plan_after_portable_promotion_journal_gap (test_bootstrap_service.BootstrapServiceTests.test_replay_requires_fresh_plan_after_portable_promotion_journal_gap) ... skipped 'Windows bootstrap installation contract'
test_state_directory_alias_is_rejected_before_download (test_bootstrap_service.BootstrapServiceTests.test_state_directory_alias_is_rejected_before_download) ... ok
test_system_exit_after_model_commit_leaves_complete_retained_install_journal (test_bootstrap_service.BootstrapServiceTests.test_system_exit_after_model_commit_leaves_complete_retained_install_journal) ... skipped 'Windows bootstrap installation contract'
test_unknown_action_is_rejected_even_with_recomputed_identity (test_bootstrap_service.BootstrapServiceTests.test_unknown_action_is_rejected_even_with_recomputed_identity) ... ok
test_unknown_artifact_field_is_rejected_without_consuming_confirmation (test_bootstrap_service.BootstrapServiceTests.test_unknown_artifact_field_is_rejected_without_consuming_confirmation) ... ok
test_unknown_plan_fields_are_rejected_before_download (test_bootstrap_service.BootstrapServiceTests.test_unknown_plan_fields_are_rejected_before_download) ... ok
test_unknown_scope_field_is_rejected_even_with_recomputed_identity (test_bootstrap_service.BootstrapServiceTests.test_unknown_scope_field_is_rejected_even_with_recomputed_identity) ... ok
test_unowned_model_appearing_after_snapshot_is_never_reported_installed (test_bootstrap_service.BootstrapServiceTests.test_unowned_model_appearing_after_snapshot_is_never_reported_installed) ... ok
test_unowned_portable_appearing_after_snapshot_is_never_reported_reusable (test_bootstrap_service.BootstrapServiceTests.test_unowned_portable_appearing_after_snapshot_is_never_reported_reusable) ... ok
test_untrusted_exception_code_is_never_persisted_or_returned (test_bootstrap_service.BootstrapServiceTests.test_untrusted_exception_code_is_never_persisted_or_returned) ... ok
test_wrong_plan_id_is_stale_and_does_not_download (test_bootstrap_service.BootstrapServiceTests.test_wrong_plan_id_is_stale_and_does_not_download) ... ok
test_committed_demo_matches_generator_and_contains_no_private_values (test_build_demo.BuildDemoTests.test_committed_demo_matches_generator_and_contains_no_private_values) ... ok
test_demo_is_deterministic_bounded_and_explicitly_simulated (test_build_demo.BuildDemoTests.test_demo_is_deterministic_bounded_and_explicitly_simulated) ... ok
test_builds_two_frame_gif_from_retained_png_bytes (test_build_showcase.BuildShowcaseTests.test_builds_two_frame_gif_from_retained_png_bytes) ... ok
test_collect_report_includes_host_nvidia_capability_when_comfyui_is_ready (test_check_gpu.CheckGpuTests.test_collect_report_includes_host_nvidia_capability_when_comfyui_is_ready) ... ok
test_collect_report_returns_readiness_without_printing (test_check_gpu.CheckGpuTests.test_collect_report_returns_readiness_without_printing) ... ok
test_managed_check_waits_for_the_starting_backend (test_check_gpu.CheckGpuTests.test_managed_check_waits_for_the_starting_backend) ... ok
test_managed_start_is_reported_without_changing_readiness (test_check_gpu.CheckGpuTests.test_managed_start_is_reported_without_changing_readiness) ... ok
test_managed_wait_caps_each_probe_to_the_remaining_budget (test_check_gpu.CheckGpuTests.test_managed_wait_caps_each_probe_to_the_remaining_budget) ... ok
test_nonfinite_managed_wait_fails_without_sleeping (test_check_gpu.CheckGpuTests.test_nonfinite_managed_wait_fails_without_sleeping) ... ok
test_ready_comfyui_does_not_probe_optional_torch_runtime (test_check_gpu.CheckGpuTests.test_ready_comfyui_does_not_probe_optional_torch_runtime) ... ok
test_ready_webui_does_not_probe_optional_torch_runtime (test_check_gpu.CheckGpuTests.test_ready_webui_does_not_probe_optional_torch_runtime) ... ok
test_declared_build_backend_is_installed_before_suite (test_ci_workflow.CiWorkflowTests.test_declared_build_backend_is_installed_before_suite) ... ok
test_pillow_is_installed_for_full_capability_suite (test_ci_workflow.CiWorkflowTests.test_pillow_is_installed_for_full_capability_suite) ... ok
test_pinned_py7zr_is_installed_before_archive_tests (test_ci_workflow.CiWorkflowTests.test_pinned_py7zr_is_installed_before_archive_tests) ... ok
test_public_matrix_keeps_four_required_jobs (test_ci_workflow.CiWorkflowTests.test_public_matrix_keeps_four_required_jobs) ... ok
test_bootstrap_apply_never_registers_a_client (test_cli.CliTests.test_bootstrap_apply_never_registers_a_client) ... ok
test_bootstrap_apply_retry_is_a_successful_idempotent_result (test_cli.CliTests.test_bootstrap_apply_retry_is_a_successful_idempotent_result) ... ok
test_bootstrap_domain_errors_are_sanitized_json (test_cli.CliTests.test_bootstrap_domain_errors_are_sanitized_json) ... ok
test_bootstrap_facts_measure_disk_from_an_existing_parent (test_cli.CliTests.test_bootstrap_facts_measure_disk_from_an_existing_parent) ... ok
test_bootstrap_facts_reuse_only_completed_verified_evidence (test_cli.CliTests.test_bootstrap_facts_reuse_only_completed_verified_evidence) ... ok
test_bootstrap_facts_use_host_nvidia_when_plugin_torch_is_unavailable (test_cli.CliTests.test_bootstrap_facts_use_host_nvidia_when_plugin_torch_is_unavailable) ... ok
test_bootstrap_plan_displays_effects_and_requires_later_confirmation (test_cli.CliTests.test_bootstrap_plan_displays_effects_and_requires_later_confirmation) ... ok
test_bootstrap_state_reader_rejects_plan_id_traversal_without_outside_read (test_cli.CliTests.test_bootstrap_state_reader_rejects_plan_id_traversal_without_outside_read) ... ok
test_bootstrap_state_reader_rejects_plans_root_replacement_before_scan (test_cli.CliTests.test_bootstrap_state_reader_rejects_plans_root_replacement_before_scan) ... ok
test_bootstrap_state_reader_rejects_replacement_between_lstat_and_open (test_cli.CliTests.test_bootstrap_state_reader_rejects_replacement_between_lstat_and_open) ... ok
test_bootstrap_state_reader_rejects_symlink_state_file (test_cli.CliTests.test_bootstrap_state_reader_rejects_symlink_state_file) ... ok
test_bootstrap_status_distinguishes_evidence_and_routes_next_actions (test_cli.CliTests.test_bootstrap_status_distinguishes_evidence_and_routes_next_actions) ... ok
test_bootstrap_status_is_json_only_and_does_not_create_state (test_cli.CliTests.test_bootstrap_status_is_json_only_and_does_not_create_state) ... ok
test_bootstrap_status_rejects_model_content_drift_without_reading_model_bytes (test_cli.CliTests.test_bootstrap_status_rejects_model_content_drift_without_reading_model_bytes) ... ok
test_config_emits_claude_desktop_json_without_checkout_paths (test_cli.CliTests.test_config_emits_claude_desktop_json_without_checkout_paths) ... ok
test_config_emits_codex_toml_without_checkout_paths (test_cli.CliTests.test_config_emits_codex_toml_without_checkout_paths) ... ok
test_explicit_resource_root_must_contain_immutable_assets (test_cli.CliTests.test_explicit_resource_root_must_contain_immutable_assets) ... ok
test_help_lists_the_installed_commands_including_bootstrap (test_cli.CliTests.test_help_lists_the_installed_commands_including_bootstrap) ... ok
test_managed_serve_returns_structured_startup_recovery (test_cli.CliTests.test_managed_serve_returns_structured_startup_recovery) ... ok
test_managed_serve_starts_and_closes_one_supervisor (test_cli.CliTests.test_managed_serve_starts_and_closes_one_supervisor) ... ok
test_setup_apply_uses_the_official_plan (test_cli.CliTests.test_setup_apply_uses_the_official_plan) ... ok
test_setup_dry_run_includes_readiness_without_apply (test_cli.CliTests.test_setup_dry_run_includes_readiness_without_apply) ... ok
test_setup_error_is_machine_readable (test_cli.CliTests.test_setup_error_is_machine_readable) ... ok
test_setup_managed_comfyui_passes_the_exact_server_command (test_cli.CliTests.test_setup_managed_comfyui_passes_the_exact_server_command) ... ok
test_setup_rejects_a_root_without_explicit_autostart (test_cli.CliTests.test_setup_rejects_a_root_without_explicit_autostart) ... ok
test_source_checkout_resource_root_is_detected (test_cli.CliTests.test_source_checkout_resource_root_is_detected) ... ok
test_claude_desktop_remains_a_legacy_render_only_template (test_client_configs.ClientConfigTests.test_claude_desktop_remains_a_legacy_render_only_template) ... ok
test_documentation_keeps_host_acceptance_pending (test_client_configs.ClientConfigTests.test_documentation_keeps_host_acceptance_pending) ... ok
test_named_setup_contracts_resolve_to_the_same_installed_command (test_client_configs.ClientConfigTests.test_named_setup_contracts_resolve_to_the_same_installed_command) ... ok
test_verifier_checks_both_contracts_and_exact_stdio_surface (test_client_configs.ClientConfigTests.test_verifier_checks_both_contracts_and_exact_stdio_surface) ... ok
test_verifier_script_returns_machine_readable_report (test_client_configs.ClientConfigTests.test_verifier_script_returns_machine_readable_report) ... ok
test_apply_failure_truncates_client_stderr (test_client_setup.ClientSetupTests.test_apply_failure_truncates_client_stderr) ... ok
test_apply_invokes_only_the_planned_official_command (test_client_setup.ClientSetupTests.test_apply_invokes_only_the_planned_official_command) ... ok
test_apply_is_idempotent_for_an_existing_entry (test_client_setup.ClientSetupTests.test_apply_is_idempotent_for_an_existing_entry) ... ok
test_apply_rejects_an_existing_entry_with_a_different_launcher (test_client_setup.ClientSetupTests.test_apply_rejects_an_existing_entry_with_a_different_launcher) ... ok
test_claude_code_plan_uses_user_scope (test_client_setup.ClientSetupTests.test_claude_code_plan_uses_user_scope) ... ok
test_claude_existing_matching_launcher_is_idempotent (test_client_setup.ClientSetupTests.test_claude_existing_matching_launcher_is_idempotent) ... ok
test_claude_matching_managed_path_with_spaces_is_idempotent (test_client_setup.ClientSetupTests.test_claude_matching_managed_path_with_spaces_is_idempotent) ... ok
test_codex_plan_is_read_only_and_exact (test_client_setup.ClientSetupTests.test_codex_plan_is_read_only_and_exact) ... ok
test_managed_comfyui_plan_pins_the_explicit_portable_root (test_client_setup.ClientSetupTests.test_managed_comfyui_plan_pins_the_explicit_portable_root) ... ok
test_managed_command_revalidates_a_successful_bootstrap_result (test_client_setup.ClientSetupTests.test_managed_command_revalidates_a_successful_bootstrap_result) ... ok
test_missing_unsupported_and_failed_clients_are_actionable (test_client_setup.ClientSetupTests.test_missing_unsupported_and_failed_clients_are_actionable) ... ok
test_setup_plan_registers_a_resolved_version_pinned_uvx_launcher (test_client_setup.ClientSetupTests.test_setup_plan_registers_a_resolved_version_pinned_uvx_launcher) ... ok
test_static_contract_omits_executable_and_preserves_official_commands (test_client_setup.ClientSetupTests.test_static_contract_omits_executable_and_preserves_official_commands) ... ok
test_auxiliary_files_without_checkpoint_or_unet_are_no_models (test_comfyui_adapter.ComfyUIAdapterTests.test_auxiliary_files_without_checkpoint_or_unet_are_no_models) ... ok
test_changed_model_or_unsafe_workflow_fails_before_submission (test_comfyui_adapter.ComfyUIAdapterTests.test_changed_model_or_unsafe_workflow_fails_before_submission) ... ok
test_disappeared_rejected_and_canceled_jobs_are_distinct (test_comfyui_adapter.ComfyUIAdapterTests.test_disappeared_rejected_and_canceled_jobs_are_distinct) ... ok
test_discovery_accepts_split_model_only_installation (test_comfyui_adapter.ComfyUIAdapterTests.test_discovery_accepts_split_model_only_installation) ... ok
test_discovery_reports_api_inventory_failure_after_healthy_probe (test_comfyui_adapter.ComfyUIAdapterTests.test_discovery_reports_api_inventory_failure_after_healthy_probe) ... ok
test_discovery_reports_no_models_only_when_all_loader_inventories_are_empty (test_comfyui_adapter.ComfyUIAdapterTests.test_discovery_reports_no_models_only_when_all_loader_inventories_are_empty) ... ok
test_discovery_uses_checkpoint_choices_without_mutation (test_comfyui_adapter.ComfyUIAdapterTests.test_discovery_uses_checkpoint_choices_without_mutation) ... ok
test_exact_job_recovery_skips_prompt_submission (test_comfyui_adapter.ComfyUIAdapterTests.test_exact_job_recovery_skips_prompt_submission) ... ok
test_generate_accepts_empty_negative_prompt (test_comfyui_adapter.ComfyUIAdapterTests.test_generate_accepts_empty_negative_prompt) ... ok
test_generate_accepts_reviewed_unet_workflow (test_comfyui_adapter.ComfyUIAdapterTests.test_generate_accepts_reviewed_unet_workflow) ... ok
test_generate_submits_polls_and_retrieves_named_output (test_comfyui_adapter.ComfyUIAdapterTests.test_generate_submits_polls_and_retrieves_named_output) ... ok
test_malformed_or_oversized_output_never_becomes_success (test_comfyui_adapter.ComfyUIAdapterTests.test_malformed_or_oversized_output_never_becomes_success) ... ----------------------------------------
Exception occurred during processing of request from ('127.0.0.1', 55845)
Traceback (most recent call last):
  File "/Users/chevalgrand/.local/share/uv/python/cpython-3.13.15-macos-aarch64-none/lib/python3.13/socketserver.py", line 697, in process_request_thread
    self.finish_request(request, client_address)
    ~~~~~~~~~~~~~~~~~~~^^^^^^^^^^^^^^^^^^^^^^^^^
  File "/Users/chevalgrand/.local/share/uv/python/cpython-3.13.15-macos-aarch64-none/lib/python3.13/socketserver.py", line 362, in finish_request
    self.RequestHandlerClass(request, client_address, self)
    ~~~~~~~~~~~~~~~~~~~~~~~~^^^^^^^^^^^^^^^^^^^^^^^^^^^^^^^
  File "/Users/chevalgrand/.local/share/uv/python/cpython-3.13.15-macos-aarch64-none/lib/python3.13/socketserver.py", line 766, in __init__
    self.handle()
    ~~~~~~~~~~~^^
  File "/Users/chevalgrand/.local/share/uv/python/cpython-3.13.15-macos-aarch64-none/lib/python3.13/http/server.py", line 451, in handle
    self.handle_one_request()
    ~~~~~~~~~~~~~~~~~~~~~~~^^
  File "/Users/chevalgrand/.local/share/uv/python/cpython-3.13.15-macos-aarch64-none/lib/python3.13/http/server.py", line 439, in handle_one_request
    method()
    ~~~~~~^^
  File "/Users/chevalgrand/Documents/paper/review-checkouts/local-gpu-imagegen-w3/tests/fake_backend_server.py", line 36, in do_GET
    self._respond()
    ~~~~~~~~~~~~~^^
  File "/Users/chevalgrand/Documents/paper/review-checkouts/local-gpu-imagegen-w3/tests/fake_backend_server.py", line 62, in _respond
    self.wfile.write(response.body)
    ~~~~~~~~~~~~~~~~^^^^^^^^^^^^^^^
  File "/Users/chevalgrand/.local/share/uv/python/cpython-3.13.15-macos-aarch64-none/lib/python3.13/socketserver.py", line 845, in write
    self._sock.sendall(b)
    ~~~~~~~~~~~~~~~~~~^^^
ConnectionResetError: [Errno 54] Connection reset by peer
----------------------------------------
ok
test_poll_still_rejects_a_job_absent_beyond_the_grace_window (test_comfyui_adapter.ComfyUIAdapterTests.test_poll_still_rejects_a_job_absent_beyond_the_grace_window) ... ok
test_poll_tolerates_history_visibility_race_after_queue_clears (test_comfyui_adapter.ComfyUIAdapterTests.test_poll_tolerates_history_visibility_race_after_queue_clears) ... ok
test_probe_reports_version_and_frozen_endpoint (test_comfyui_adapter.ComfyUIAdapterTests.test_probe_reports_version_and_frozen_endpoint) ... ok
test_query_and_cancel_only_delete_exact_queued_job (test_comfyui_adapter.ComfyUIAdapterTests.test_query_and_cancel_only_delete_exact_queued_job) ... ok
test_regional_capability_registry_fails_closed_without_comfyui (test_comfyui_adapter.ComfyUIAdapterTests.test_regional_capability_registry_fails_closed_without_comfyui) ... ok
test_regional_capability_requires_both_exact_required_signatures (test_comfyui_adapter.ComfyUIAdapterTests.test_regional_capability_requires_both_exact_required_signatures) ... ok
test_regional_generate_rechecks_nodes_before_prompt_submission (test_comfyui_adapter.ComfyUIAdapterTests.test_regional_generate_rechecks_nodes_before_prompt_submission) ... ok
test_regional_generate_submits_only_after_exact_live_recheck (test_comfyui_adapter.ComfyUIAdapterTests.test_regional_generate_submits_only_after_exact_live_recheck) ... ok
test_regional_graph_and_request_drift_fail_before_submission (test_comfyui_adapter.ComfyUIAdapterTests.test_regional_graph_and_request_drift_fail_before_submission) ... ok
test_running_job_is_never_globally_interrupted (test_comfyui_adapter.ComfyUIAdapterTests.test_running_job_is_never_globally_interrupted) ... ok
test_submission_rejection_has_no_job_to_retry (test_comfyui_adapter.ComfyUIAdapterTests.test_submission_rejection_has_no_job_to_retry) ... ok
test_submitted_job_is_reported_before_first_history_poll (test_comfyui_adapter.ComfyUIAdapterTests.test_submitted_job_is_reported_before_first_history_poll) ... ok
test_timeout_queries_known_job_before_structured_failure (test_comfyui_adapter.ComfyUIAdapterTests.test_timeout_queries_known_job_before_structured_failure) ... ok
test_two_stage_capability_requires_all_six_exact_live_signatures (test_comfyui_adapter.ComfyUIAdapterTests.test_two_stage_capability_requires_all_six_exact_live_signatures) ... ok
test_two_stage_case_aliased_output_paths_fail_before_backend_work (test_comfyui_adapter.ComfyUIAdapterTests.test_two_stage_case_aliased_output_paths_fail_before_backend_work) ... ok
test_two_stage_generate_downloads_exact_role_outputs (test_comfyui_adapter.ComfyUIAdapterTests.test_two_stage_generate_downloads_exact_role_outputs) ... ok
test_two_stage_generate_rechecks_before_prompt_submission (test_comfyui_adapter.ComfyUIAdapterTests.test_two_stage_generate_rechecks_before_prompt_submission) ... ok
test_two_stage_graph_and_request_drift_fail_before_submission (test_comfyui_adapter.ComfyUIAdapterTests.test_two_stage_graph_and_request_drift_fail_before_submission) ... ok
test_two_stage_history_rejects_missing_extra_duplicate_or_unsafe_roles (test_comfyui_adapter.ComfyUIAdapterTests.test_two_stage_history_rejects_missing_extra_duplicate_or_unsafe_roles) ... ok
test_unsupported_regional_mode_does_not_probe_comfyui (test_comfyui_adapter.ComfyUIAdapterTests.test_unsupported_regional_mode_does_not_probe_comfyui) ... ok
test_wrong_output_node_or_traversal_metadata_never_writes_output (test_comfyui_adapter.ComfyUIAdapterTests.test_wrong_output_node_or_traversal_metadata_never_writes_output) ... ok
test_active_authorization_rehashes_in_fresh_service_without_confirmation (test_discovery.DiscoveryTests.test_active_authorization_rehashes_in_fresh_service_without_confirmation) ... ok
test_api_only_calls_selected_adapter_without_filesystem_or_generation (test_discovery.DiscoveryTests.test_api_only_calls_selected_adapter_without_filesystem_or_generation) ... ok
test_cancellation_retains_untrusted_incomplete_inventory (test_discovery.DiscoveryTests.test_cancellation_retains_untrusted_incomplete_inventory) ... ok
test_changed_bytes_mark_authorization_drifted_without_inventory_restore (test_discovery.DiscoveryTests.test_changed_bytes_mark_authorization_drifted_without_inventory_restore) ... ok
test_ckpt_is_opaque_and_never_opened (test_discovery.DiscoveryTests.test_ckpt_is_opaque_and_never_opened) ... ok
test_common_locations_are_displayed_before_scanning (test_discovery.DiscoveryTests.test_common_locations_are_displayed_before_scanning) ... ok
test_default_exclusions_skip_dependency_cache_and_explicit_include_restores_it (test_discovery.DiscoveryTests.test_default_exclusions_skip_dependency_cache_and_explicit_include_restores_it) ... ok
test_discovery_modes_reject_cross_family_stages_before_work (test_discovery.DiscoveryTests.test_discovery_modes_reject_cross_family_stages_before_work) ... ok
test_exact_file_execution_hashes_persists_then_inserts_inventory (test_discovery.DiscoveryTests.test_exact_file_execution_hashes_persists_then_inserts_inventory) ... ok
test_exact_file_first_execution_requires_confirmation (test_discovery.DiscoveryTests.test_exact_file_first_execution_requires_confirmation) ... ok
test_exact_file_first_plan_is_stat_only_and_confirmation_bound (test_discovery.DiscoveryTests.test_exact_file_first_plan_is_stat_only_and_confirmation_bound) ... ok
test_exact_file_mid_read_drift_marks_authorization_and_keeps_inventory_empty (test_discovery.DiscoveryTests.test_exact_file_mid_read_drift_marks_authorization_and_keeps_inventory_empty) ... ok
test_exact_file_rejects_unsafe_or_ambiguous_plans_without_state_mutation (test_discovery.DiscoveryTests.test_exact_file_rejects_unsafe_or_ambiguous_plans_without_state_mutation) ... ok
test_exact_file_revoke_requires_confirmation_and_never_reads_model (test_discovery.DiscoveryTests.test_exact_file_revoke_requires_confirmation_and_never_reads_model) ... ok
test_expired_plan_fails_without_scanning (test_discovery.DiscoveryTests.test_expired_plan_fails_without_scanning) ... ok
test_fingerprint_plan_hashes_only_selected_indexed_candidate (test_discovery.DiscoveryTests.test_fingerprint_plan_hashes_only_selected_indexed_candidate) ... ok
test_fingerprint_rejects_unindexed_candidate_and_drift (test_discovery.DiscoveryTests.test_fingerprint_rejects_unindexed_candidate_and_drift) ... ok
test_links_are_not_followed (test_discovery.DiscoveryTests.test_links_are_not_followed) ... ok
test_network_root_requires_a_second_exact_confirmation (test_discovery.DiscoveryTests.test_network_root_requires_a_second_exact_confirmation) ... ok
test_plan_displays_exact_scope_hash_confirmation_and_cost (test_discovery.DiscoveryTests.test_plan_displays_exact_scope_hash_confirmation_and_cost) ... ok
test_revocation_invalidates_an_older_automatic_reverify_plan (test_discovery.DiscoveryTests.test_revocation_invalidates_an_older_automatic_reverify_plan) ... ok
test_stage_one_reads_safe_metadata_without_hashing_weights (test_discovery.DiscoveryTests.test_stage_one_reads_safe_metadata_without_hashing_weights) ... ok
test_wrong_confirmation_does_not_consume_plan_but_success_does (test_discovery.DiscoveryTests.test_wrong_confirmation_does_not_consume_plan_but_success_does) ... ok
test_comfyui_public_route_requires_component_bundle (test_export_acceptance_evidence.ExportAcceptanceEvidenceTests.test_comfyui_public_route_requires_component_bundle) ... ok
test_copy_hash_mismatch_never_publishes_destination_and_retry_succeeds (test_export_acceptance_evidence.ExportAcceptanceEvidenceTests.test_copy_hash_mismatch_never_publishes_destination_and_retry_succeeds) ... ok
test_export_redacts_private_route_and_backend_binding_values (test_export_acceptance_evidence.ExportAcceptanceEvidenceTests.test_export_redacts_private_route_and_backend_binding_values) ... ok
test_exports_and_validates_every_two_stage_round (test_export_acceptance_evidence.ExportAcceptanceEvidenceTests.test_exports_and_validates_every_two_stage_round) ... ok
test_exports_child_only_when_parent_evidence_matches (test_export_acceptance_evidence.ExportAcceptanceEvidenceTests.test_exports_child_only_when_parent_evidence_matches) ... ok
test_exports_exact_byte_bound_two_stage_provenance (test_export_acceptance_evidence.ExportAcceptanceEvidenceTests.test_exports_exact_byte_bound_two_stage_provenance) ... ok
test_exports_finalized_run_without_changing_artifact_bytes (test_export_acceptance_evidence.ExportAcceptanceEvidenceTests.test_exports_finalized_run_without_changing_artifact_bytes) ... ok
test_private_or_backend_binding_route_cannot_enter_public_evidence (test_export_acceptance_evidence.ExportAcceptanceEvidenceTests.test_private_or_backend_binding_route_cannot_enter_public_evidence) ... ok
test_rejects_artifact_hash_mismatch (test_export_acceptance_evidence.ExportAcceptanceEvidenceTests.test_rejects_artifact_hash_mismatch) ... ok
test_rejects_existing_destination (test_export_acceptance_evidence.ExportAcceptanceEvidenceTests.test_rejects_existing_destination) ... ok
test_rejects_mcp_final_supporting_artifact_substitution (test_export_acceptance_evidence.ExportAcceptanceEvidenceTests.test_rejects_mcp_final_supporting_artifact_substitution) ... ok
test_rejects_mcp_result_that_does_not_match_manifest (test_export_acceptance_evidence.ExportAcceptanceEvidenceTests.test_rejects_mcp_result_that_does_not_match_manifest) ... ok
test_rejects_missing_preview_without_warning (test_export_acceptance_evidence.ExportAcceptanceEvidenceTests.test_rejects_missing_preview_without_warning) ... ok
test_rejects_mock_backend_marker (test_export_acceptance_evidence.ExportAcceptanceEvidenceTests.test_rejects_mock_backend_marker) ... ok
test_rejects_non_finalized_run (test_export_acceptance_evidence.ExportAcceptanceEvidenceTests.test_rejects_non_finalized_run) ... ok
test_rejects_partial_two_stage_source_before_copy (test_export_acceptance_evidence.ExportAcceptanceEvidenceTests.test_rejects_partial_two_stage_source_before_copy) ... ok
test_requires_exact_run_id_confirmation (test_export_acceptance_evidence.ExportAcceptanceEvidenceTests.test_requires_exact_run_id_confirmation) ... ok
test_export_copies_only_finalized_bytes_and_sanitizes_evidence (test_export_real_demo.ExportRealDemoTests.test_export_copies_only_finalized_bytes_and_sanitizes_evidence) ... ok
test_export_derives_preview_when_generation_preview_is_unavailable (test_export_real_demo.ExportRealDemoTests.test_export_derives_preview_when_generation_preview_is_unavailable) ... ok
test_export_normalizes_an_omitted_noncritical_rubric_flag (test_export_real_demo.ExportRealDemoTests.test_export_normalizes_an_omitted_noncritical_rubric_flag) ... ok
test_export_rejects_child_missing_or_changed_final_and_existing_destination (test_export_real_demo.ExportRealDemoTests.test_export_rejects_child_missing_or_changed_final_and_existing_destination) ... ok
test_export_rejects_final_dimension_metadata_drift (test_export_real_demo.ExportRealDemoTests.test_export_rejects_final_dimension_metadata_drift) ... ok
test_export_rejects_ineligible_review_wrong_route_and_mismatched_mcp_result (test_export_real_demo.ExportRealDemoTests.test_export_rejects_ineligible_review_wrong_route_and_mismatched_mcp_result) ... ok
test_export_rejects_nested_route_and_generation_plan_drift (test_export_real_demo.ExportRealDemoTests.test_export_rejects_nested_route_and_generation_plan_drift) ... ok
test_export_rejects_semantic_evidence_that_differs_from_frozen_contract (test_export_real_demo.ExportRealDemoTests.test_export_rejects_semantic_evidence_that_differs_from_frozen_contract) ... ok
test_export_rejects_wrong_confirmation_client_purpose_and_public_rights (test_export_real_demo.ExportRealDemoTests.test_export_rejects_wrong_confirmation_client_purpose_and_public_rights) ... ok
test_export_stages_then_removes_failed_self_validation (test_export_real_demo.ExportRealDemoTests.test_export_stages_then_removes_failed_self_validation) ... ok
test_atomic_replace_failure_preserves_existing_document (test_file_verification.FileVerificationRegistryTests.test_atomic_replace_failure_preserves_existing_document) ... ok
test_corrupt_unknown_duplicate_credential_and_nonlocal_state_fail_closed (test_file_verification.FileVerificationRegistryTests.test_corrupt_unknown_duplicate_credential_and_nonlocal_state_fail_closed) ... ok
test_record_verified_refreshes_same_authorization_without_duplicate (test_file_verification.FileVerificationRegistryTests.test_record_verified_refreshes_same_authorization_without_duplicate) ... ok
test_record_verified_rejects_extra_fingerprint_fields (test_file_verification.FileVerificationRegistryTests.test_record_verified_rejects_extra_fingerprint_fields) ... ok
test_registry_rejects_state_outside_user_local_roots (test_file_verification.FileVerificationRegistryTests.test_registry_rejects_state_outside_user_local_roots) ... ok
test_resolve_fails_closed_on_ambiguous_model_name (test_file_verification.FileVerificationRegistryTests.test_resolve_fails_closed_on_ambiguous_model_name) ... ok
test_status_change_retains_digest_and_removes_active_resolution (test_file_verification.FileVerificationRegistryTests.test_status_change_retains_digest_and_removes_active_resolution) ... ok
test_verified_record_round_trips_with_exact_schema (test_file_verification.FileVerificationRegistryTests.test_verified_record_round_trips_with_exact_schema) ... ok
test_capability_cleanup_deletes_exact_owned_file_and_empty_directory (test_filesystem_capability.FilesystemCapabilityTests.test_capability_cleanup_deletes_exact_owned_file_and_empty_directory) ... skipped 'Windows handle-bound disposition semantics'
test_cleanup_rejects_a_replacement_opened_for_deletion (test_filesystem_capability.FilesystemCapabilityTests.test_cleanup_rejects_a_replacement_opened_for_deletion) ... skipped 'Windows handle-bound disposition semantics'
test_cleanup_remains_bound_when_path_is_replaced_after_handle_open (test_filesystem_capability.FilesystemCapabilityTests.test_cleanup_remains_bound_when_path_is_replaced_after_handle_open) ... skipped 'Windows handle-bound disposition semantics'
test_final_handle_path_mismatch_fails_before_nonempty_write (test_filesystem_capability.FilesystemCapabilityTests.test_final_handle_path_mismatch_fails_before_nonempty_write) ... ok
test_posix_cleanup_retains_owned_path_without_delete_primitives (test_filesystem_capability.FilesystemCapabilityTests.test_posix_cleanup_retains_owned_path_without_delete_primitives) ... ok
test_posix_fdopen_base_exception_closes_raw_output_descriptor (test_filesystem_capability.FilesystemCapabilityTests.test_posix_fdopen_base_exception_closes_raw_output_descriptor) ... ok
test_posix_promotion_is_unconditionally_unsupported (test_filesystem_capability.FilesystemCapabilityTests.test_posix_promotion_is_unconditionally_unsupported) ... ok
test_posix_promotion_retains_replacement_inserted_after_source_open (test_filesystem_capability.FilesystemCapabilityTests.test_posix_promotion_retains_replacement_inserted_after_source_open) ... FAIL
test_promotion_collision_preserves_owned_source_and_destination (test_filesystem_capability.FilesystemCapabilityTests.test_promotion_collision_preserves_owned_source_and_destination) ... skipped 'Windows handle-bound promotion semantics'
test_promotion_moves_owned_directory_into_captured_parent (test_filesystem_capability.FilesystemCapabilityTests.test_promotion_moves_owned_directory_into_captured_parent) ... skipped 'Windows handle-bound promotion semantics'
test_promotion_moves_owned_file_into_captured_parent_without_overwrite (test_filesystem_capability.FilesystemCapabilityTests.test_promotion_moves_owned_file_into_captured_parent_without_overwrite) ... skipped 'Windows handle-bound promotion semantics'
test_unavailable_capability_cleanup_retains_owned_path (test_filesystem_capability.FilesystemCapabilityTests.test_unavailable_capability_cleanup_retains_owned_path) ... ok
test_each_mode_uses_normalized_contract_and_exact_conditioning (test_generate_image.DiffusersSafetyTests.test_each_mode_uses_normalized_contract_and_exact_conditioning) ... ok
test_hub_access_can_be_explicitly_enabled (test_generate_image.DiffusersSafetyTests.test_hub_access_can_be_explicitly_enabled) ... ok
test_hub_access_is_local_only_by_default (test_generate_image.DiffusersSafetyTests.test_hub_access_is_local_only_by_default) ... ok
test_delegates_exact_discovered_model_to_webui_adapter (test_generate_image.WebUiBackendTests.test_delegates_exact_discovered_model_to_webui_adapter) ... ok
test_explicit_missing_model_is_rejected_before_generation (test_generate_image.WebUiBackendTests.test_explicit_missing_model_is_rejected_before_generation) ... ok
test_mode_maps_source_and_mask_exactly (test_generate_image.WebUiBackendTests.test_mode_maps_source_and_mask_exactly) ... ok
test_probe_failure_marks_webui_unavailable (test_generate_image.WebUiBackendTests.test_probe_failure_marks_webui_unavailable) ... ok
test_accepts_complete_plan_matching_confirmed_run (test_generation_plan.GenerationPlanTests.test_accepts_complete_plan_matching_confirmed_run) ... ok
test_confirmed_backend_must_remain_advertised (test_generation_plan.GenerationPlanTests.test_confirmed_backend_must_remain_advertised) ... ok
test_confirmed_regional_request_requires_initial_conditioning (test_generation_plan.GenerationPlanTests.test_confirmed_regional_request_requires_initial_conditioning) ... ok
test_initial_two_stage_plan_must_match_confirmed_layout_and_conditioning (test_generation_plan.GenerationPlanTests.test_initial_two_stage_plan_must_match_confirmed_layout_and_conditioning) ... ok
test_plan_schema_retains_exactly_twenty_top_level_fields (test_generation_plan.GenerationPlanTests.test_plan_schema_retains_exactly_twenty_top_level_fields) ... ok
test_regional_initial_plan_matches_confirmation_and_geometry_is_frozen (test_generation_plan.GenerationPlanTests.test_regional_initial_plan_matches_confirmation_and_geometry_is_frozen) ... ok
test_regional_refine_can_change_conditioning_but_standard_route_rejects_it (test_generation_plan.GenerationPlanTests.test_regional_refine_can_change_conditioning_but_standard_route_rejects_it) ... ok
test_rejects_dropped_user_constraint (test_generation_plan.GenerationPlanTests.test_rejects_dropped_user_constraint) ... ok
test_rejects_incomplete_confirmed_run_request (test_generation_plan.GenerationPlanTests.test_rejects_incomplete_confirmed_run_request) ... ok
test_rejects_invalid_backend_type (test_generation_plan.GenerationPlanTests.test_rejects_invalid_backend_type) ... ok
test_rejects_nested_mode_that_disagrees_with_authoritative_txt2img (test_generation_plan.GenerationPlanTests.test_rejects_nested_mode_that_disagrees_with_authoritative_txt2img) ... ok
test_rejects_parameter_not_mutable_for_action (test_generation_plan.GenerationPlanTests.test_rejects_parameter_not_mutable_for_action) ... ok
test_rejects_profile_or_budget_drift (test_generation_plan.GenerationPlanTests.test_rejects_profile_or_budget_drift) ... ok
test_returns_a_deep_copy (test_generation_plan.GenerationPlanTests.test_returns_a_deep_copy) ... ok
test_shared_confirmed_request_validator_rejects_semantic_invalidity (test_generation_plan.GenerationPlanTests.test_shared_confirmed_request_validator_rejects_semantic_invalidity) ... ok
test_standard_and_old_regional_routes_reject_two_stage_data (test_generation_plan.GenerationPlanTests.test_standard_and_old_regional_routes_reject_two_stage_data) ... ok
test_two_stage_confirmed_request_requires_layout_and_conditioning_as_a_pair (test_generation_plan.GenerationPlanTests.test_two_stage_confirmed_request_requires_layout_and_conditioning_as_a_pair) ... ok
test_two_stage_refine_keeps_layout_frozen_and_uses_profile_allowlist (test_generation_plan.GenerationPlanTests.test_two_stage_refine_keeps_layout_frozen_and_uses_profile_allowlist) ... ok
test_ui_hero_rejects_malformed_semantic_fidelity_contract (test_generation_plan.GenerationPlanTests.test_ui_hero_rejects_malformed_semantic_fidelity_contract) ... ok
test_ui_hero_requires_frozen_semantic_fidelity_contract (test_generation_plan.GenerationPlanTests.test_ui_hero_requires_frozen_semantic_fidelity_contract) ... ok
test_ui_hero_semantic_fidelity_is_normalized_and_frozen (test_generation_plan.GenerationPlanTests.test_ui_hero_semantic_fidelity_is_normalized_and_frozen) ... ok
test_confirmation_fails_after_mask_bytes_change (test_masks.MaskServiceTests.test_confirmation_fails_after_mask_bytes_change) ... ok
test_confirmation_fails_after_source_bytes_change (test_masks.MaskServiceTests.test_confirmation_fails_after_source_bytes_change) ... ok
test_confirmation_records_approval_without_changing_hashes (test_masks.MaskServiceTests.test_confirmation_records_approval_without_changing_hashes) ... ok
test_each_prepare_allocates_a_new_unconfirmed_mask (test_masks.MaskServiceTests.test_each_prepare_allocates_a_new_unconfirmed_mask) ... ok
test_invalid_input_union_is_rejected_before_pillow_import (test_masks.MaskServiceTests.test_invalid_input_union_is_rejected_before_pillow_import) ... ok
test_mask_operations_require_a_child_run (test_masks.MaskServiceTests.test_mask_operations_require_a_child_run) ... ok
test_missing_pillow_is_a_structured_dependency_error (test_masks.MaskServiceTests.test_missing_pillow_is_a_structured_dependency_error) ... ok
test_rectangle_mask_uses_normalized_coordinates (test_masks.MaskServiceTests.test_rectangle_mask_uses_normalized_coordinates) ... ok
test_rejects_empty_or_full_image_mask (test_masks.MaskServiceTests.test_rejects_empty_or_full_image_mask) ... ok
test_rejects_out_of_range_and_self_intersecting_geometry (test_masks.MaskServiceTests.test_rejects_out_of_range_and_self_intersecting_geometry) ... ok
test_user_mask_is_resized_without_modifying_source (test_masks.MaskServiceTests.test_user_mask_is_resized_without_modifying_source) ... ok
test_bundled_mcp_config_is_portable_and_launches (test_mcp_server.McpServerProtocolTests.test_bundled_mcp_config_is_portable_and_launches) ... ok
test_initialize_and_list_tools_over_stdio (test_mcp_server.McpServerProtocolTests.test_initialize_and_list_tools_over_stdio) ... ok
test_invalid_call_params_preserve_request_id (test_mcp_server.McpServerProtocolTests.test_invalid_call_params_preserve_request_id) ... ok
test_protocol_only_requests_do_not_create_engine_or_output_directory (test_mcp_server.McpServerProtocolTests.test_protocol_only_requests_do_not_create_engine_or_output_directory) ... ok
test_utf8_bom_is_accepted_for_windows_stdio_diagnostics (test_mcp_server.McpServerProtocolTests.test_utf8_bom_is_accepted_for_windows_stdio_diagnostics) ... ok
test_asset_engine_error_is_converted_without_rewriting_fields (test_mcp_server.McpServerUnitTests.test_asset_engine_error_is_converted_without_rewriting_fields) ... ok
test_asset_engine_error_preserves_empty_details (test_mcp_server.McpServerUnitTests.test_asset_engine_error_preserves_empty_details) ... ok
test_bootstrap_guidance_rejects_non_windows_without_windows_api (test_mcp_server.McpServerUnitTests.test_bootstrap_guidance_rejects_non_windows_without_windows_api) ... ok
test_bootstrap_guidance_rejects_non_x64_cuda_host (test_mcp_server.McpServerUnitTests.test_bootstrap_guidance_rejects_non_x64_cuda_host) ... ok
test_bootstrap_guidance_rejects_unsupported_windows_build (test_mcp_server.McpServerUnitTests.test_bootstrap_guidance_rejects_unsupported_windows_build) ... ok
test_byom_tools_dispatch_through_composed_services (test_mcp_server.McpServerUnitTests.test_byom_tools_dispatch_through_composed_services) ... ok
test_capabilities_derive_internal_available_backends (test_mcp_server.McpServerUnitTests.test_capabilities_derive_internal_available_backends) ... ok
test_capability_failures_are_structured_without_stderr (test_mcp_server.McpServerUnitTests.test_capability_failures_are_structured_without_stderr) ... ok
test_child_review_forwards_optional_preservation_results (test_mcp_server.McpServerUnitTests.test_child_review_forwards_optional_preservation_results) ... ok
test_cleanup_all_requires_exact_confirmation_before_engine_work (test_mcp_server.McpServerUnitTests.test_cleanup_all_requires_exact_confirmation_before_engine_work) ... ok
test_command_timeout_returns_structured_tool_error (test_mcp_server.McpServerUnitTests.test_command_timeout_returns_structured_tool_error) ... ok
test_crashed_check_is_not_treated_as_not_ready_status (test_mcp_server.McpServerUnitTests.test_crashed_check_is_not_treated_as_not_ready_status) ... ok
test_discovery_result_omits_data_uris_and_oversized_metadata_without_mutating_inventory (test_mcp_server.McpServerUnitTests.test_discovery_result_omits_data_uris_and_oversized_metadata_without_mutating_inventory) ... ok
test_download_permission_is_forwarded_only_when_enabled (test_mcp_server.McpServerUnitTests.test_download_permission_is_forwarded_only_when_enabled) ... ok
test_each_high_level_tool_rejects_unknown_arguments_before_engine_work (test_mcp_server.McpServerUnitTests.test_each_high_level_tool_rejects_unknown_arguments_before_engine_work) ... ok
test_empty_array_arguments_are_rejected (test_mcp_server.McpServerUnitTests.test_empty_array_arguments_are_rejected) ... ok
test_every_output_schema_declares_an_object_root (test_mcp_server.McpServerUnitTests.test_every_output_schema_declares_an_object_root) ... ok
test_exact_file_discovery_extends_schema_without_an_eighteenth_tool (test_mcp_server.McpServerUnitTests.test_exact_file_discovery_extends_schema_without_an_eighteenth_tool) ... ok
test_exact_file_dispatch_forwards_identity_fields_and_optional_confirmation (test_mcp_server.McpServerUnitTests.test_exact_file_dispatch_forwards_identity_fields_and_optional_confirmation) ... ok
test_finalize_confirmation_schema_is_required (test_mcp_server.McpServerUnitTests.test_finalize_confirmation_schema_is_required) ... ok
test_finalize_postprocess_schema_is_optional_and_exact (test_mcp_server.McpServerUnitTests.test_finalize_postprocess_schema_is_optional_and_exact) ... ok
test_finalize_run_forwards_exact_postprocess_object_unchanged (test_mcp_server.McpServerUnitTests.test_finalize_run_forwards_exact_postprocess_object_unchanged) ... ok
test_finalize_run_forwards_nominated_round_to_engine (test_mcp_server.McpServerUnitTests.test_finalize_run_forwards_nominated_round_to_engine) ... ok
test_finalize_run_rejects_missing_or_invalid_round_before_engine_work (test_mcp_server.McpServerUnitTests.test_finalize_run_rejects_missing_or_invalid_round_before_engine_work) ... ok
test_finalize_run_rejects_nested_postprocess_errors_before_engine_work (test_mcp_server.McpServerUnitTests.test_finalize_run_rejects_nested_postprocess_errors_before_engine_work) ... ok
test_generate_round_rejects_nested_non_txt2img_mode_before_engine_work (test_mcp_server.McpServerUnitTests.test_generate_round_rejects_nested_non_txt2img_mode_before_engine_work) ... ok
test_generate_round_returns_text_then_bounded_jpeg_image (test_mcp_server.McpServerUnitTests.test_generate_round_returns_text_then_bounded_jpeg_image) ... ok
test_generation_success_returns_structured_content (test_mcp_server.McpServerUnitTests.test_generation_success_returns_structured_content) ... ok
test_high_level_input_contracts_are_exact (test_mcp_server.McpServerUnitTests.test_high_level_input_contracts_are_exact) ... ok
test_high_level_wrong_or_missing_values_are_rejected_before_engine_work (test_mcp_server.McpServerUnitTests.test_high_level_wrong_or_missing_values_are_rejected_before_engine_work) ... ok
test_imported_workflow_defaults_are_frozen_through_private_route (test_mcp_server.McpServerUnitTests.test_imported_workflow_defaults_are_frozen_through_private_route) ... ok
test_invalid_dimensions_are_rejected_before_subprocess (test_mcp_server.McpServerUnitTests.test_invalid_dimensions_are_rejected_before_subprocess) ... ok
test_invalid_lora_type_returns_tool_error (test_mcp_server.McpServerUnitTests.test_invalid_lora_type_returns_tool_error) ... ok
test_low_level_model_option_remains_compatibility_passthrough (test_mcp_server.McpServerUnitTests.test_low_level_model_option_remains_compatibility_passthrough) ... ok
test_missing_prompt_returns_tool_error (test_mcp_server.McpServerUnitTests.test_missing_prompt_returns_tool_error) ... ok
test_not_ready_check_is_a_structured_status_not_tool_failure (test_mcp_server.McpServerUnitTests.test_not_ready_check_is_a_structured_status_not_tool_failure) ... ok
test_oversized_preview_is_not_added_to_mcp_content (test_mcp_server.McpServerUnitTests.test_oversized_preview_is_not_added_to_mcp_content) ... ok
test_plugin_manifest_reports_release_version (test_mcp_server.McpServerUnitTests.test_plugin_manifest_reports_release_version) ... ok
test_prepare_mask_returns_text_then_jpeg_overlay (test_mcp_server.McpServerUnitTests.test_prepare_mask_returns_text_then_jpeg_overlay) ... ok
test_raw_path_trust_inspection_prepares_without_registering (test_mcp_server.McpServerUnitTests.test_raw_path_trust_inspection_prepares_without_registering) ... ok
test_readiness_returns_non_mutating_bootstrap_guidance_when_not_ready (test_mcp_server.McpServerUnitTests.test_readiness_returns_non_mutating_bootstrap_guidance_when_not_ready) ... ok
test_ready_readiness_result_does_not_include_bootstrap_guidance (test_mcp_server.McpServerUnitTests.test_ready_readiness_result_does_not_include_bootstrap_guidance) ... ok
test_regional_shipped_workflow_can_be_inspected_without_generation_data (test_mcp_server.McpServerUnitTests.test_regional_shipped_workflow_can_be_inspected_without_generation_data) ... ok
test_registered_workflow_id_binds_exact_component_bundle (test_mcp_server.McpServerUnitTests.test_registered_workflow_id_binds_exact_component_bundle) ... ok
test_registered_workflow_id_requires_selected_components_for_trust (test_mcp_server.McpServerUnitTests.test_registered_workflow_id_requires_selected_components_for_trust) ... ok
test_registered_workflow_id_trust_dispatch_uses_loaded_registration (test_mcp_server.McpServerUnitTests.test_registered_workflow_id_trust_dispatch_uses_loaded_registration) ... ok
test_review_visual_checks_schema_is_required_and_exact (test_mcp_server.McpServerUnitTests.test_review_visual_checks_schema_is_required_and_exact) ... ok
test_revision_and_mask_schemas_are_exact (test_mcp_server.McpServerUnitTests.test_revision_and_mask_schemas_are_exact) ... ok
test_revision_and_mask_tools_dispatch_exact_arguments (test_mcp_server.McpServerUnitTests.test_revision_and_mask_tools_dispatch_exact_arguments) ... ok
test_schema_exposes_expected_tools (test_mcp_server.McpServerUnitTests.test_schema_exposes_expected_tools) ... ok
test_schema_exposes_safe_recommendation_and_mutation_guidance (test_mcp_server.McpServerUnitTests.test_schema_exposes_safe_recommendation_and_mutation_guidance) ... ok
test_shipped_workflow_trust_binds_exact_unet_identity_without_import (test_mcp_server.McpServerUnitTests.test_shipped_workflow_trust_binds_exact_unet_identity_without_import) ... ok
test_start_run_accepts_exact_optional_two_stage_conditioning (test_mcp_server.McpServerUnitTests.test_start_run_accepts_exact_optional_two_stage_conditioning) ... ok
test_start_run_forwards_public_v04_fields_and_model_choice_exactly (test_mcp_server.McpServerUnitTests.test_start_run_forwards_public_v04_fields_and_model_choice_exactly) ... ok
test_start_run_rejects_empty_intent_before_engine_work (test_mcp_server.McpServerUnitTests.test_start_run_rejects_empty_intent_before_engine_work) ... ok
test_start_run_rejects_missing_or_empty_model_before_engine_work (test_mcp_server.McpServerUnitTests.test_start_run_rejects_missing_or_empty_model_before_engine_work) ... ok
test_start_run_rejects_unknown_regional_conditioning_field_before_engine_work (test_mcp_server.McpServerUnitTests.test_start_run_rejects_unknown_regional_conditioning_field_before_engine_work) ... ok
test_supported_mcp_flow_creates_and_routes_exact_two_stage_variant (test_mcp_server.McpServerUnitTests.test_supported_mcp_flow_creates_and_routes_exact_two_stage_variant) ... ok
test_trust_layout_is_required_only_for_two_stage_shipped_workflow (test_mcp_server.McpServerUnitTests.test_trust_layout_is_required_only_for_two_stage_shipped_workflow) ... ok
test_trust_rejects_shipped_and_imported_workflow_together (test_mcp_server.McpServerUnitTests.test_trust_rejects_shipped_and_imported_workflow_together) ... ok
test_trust_revoke_forwards_optional_exact_catalog_variant (test_mcp_server.McpServerUnitTests.test_trust_revoke_forwards_optional_exact_catalog_variant) ... ok
test_trust_tool_resolves_exact_current_inventory_identity (test_mcp_server.McpServerUnitTests.test_trust_tool_resolves_exact_current_inventory_identity) ... ok
test_two_stage_review_checks_are_reachable_without_expanding_tool_surface (test_mcp_server.McpServerUnitTests.test_two_stage_review_checks_are_reachable_without_expanding_tool_surface) ... ok
test_two_stage_review_forwards_stage_checks_to_engine (test_mcp_server.McpServerUnitTests.test_two_stage_review_forwards_stage_checks_to_engine) ... ok
test_two_stage_workflow_is_packaged_and_advertised_after_runtime_integration (test_mcp_server.McpServerUnitTests.test_two_stage_workflow_is_packaged_and_advertised_after_runtime_integration) ... ok
test_unknown_argument_is_rejected_before_subprocess (test_mcp_server.McpServerUnitTests.test_unknown_argument_is_rejected_before_subprocess) ... ok
test_unknown_tool_returns_tool_error (test_mcp_server.McpServerUnitTests.test_unknown_tool_returns_tool_error) ... ok
test_workflow_inspection_builds_bundle_without_mutating_trust (test_mcp_server.McpServerUnitTests.test_workflow_inspection_builds_bundle_without_mutating_trust) ... ok
test_workflow_onboarding_dispatch_is_thin (test_mcp_server.McpServerUnitTests.test_workflow_onboarding_dispatch_is_thin) ... ok
test_workflow_onboarding_preserves_structured_error_codes (test_mcp_server.McpServerUnitTests.test_workflow_onboarding_preserves_structured_error_codes) ... ok
test_workflow_onboarding_tools_have_exact_schemas_and_raise_count_to_seventeen (test_mcp_server.McpServerUnitTests.test_workflow_onboarding_tools_have_exact_schemas_and_raise_count_to_seventeen) ... ok
test_workflow_registration_dispatch_is_thin (test_mcp_server.McpServerUnitTests.test_workflow_registration_dispatch_is_thin) ... ok
test_catalog_detects_drift_before_route_use (test_model_catalog.ModelCatalogTests.test_catalog_detects_drift_before_route_use) ... ok
test_catalog_merges_repository_identity_without_promoting_evidence (test_model_catalog.ModelCatalogTests.test_catalog_merges_repository_identity_without_promoting_evidence) ... ok
test_catalog_separates_private_and_public_candidate_scope (test_model_catalog.ModelCatalogTests.test_catalog_separates_private_and_public_candidate_scope) ... ok
test_filesystem_fingerprint_binds_to_exact_comfyui_endpoint_and_model (test_model_catalog.ModelCatalogTests.test_filesystem_fingerprint_binds_to_exact_comfyui_endpoint_and_model) ... ok
test_local_observation_delegates_without_promoting_repository_claims (test_model_catalog.ModelCatalogTests.test_local_observation_delegates_without_promoting_repository_claims) ... ok
test_locked_two_stage_route_rejects_control_digest_drift (test_model_catalog.ModelCatalogTests.test_locked_two_stage_route_rejects_control_digest_drift) ... ok
test_resolve_rejects_invalid_scope_or_ineligible_id (test_model_catalog.ModelCatalogTests.test_resolve_rejects_invalid_scope_or_ineligible_id) ... ok
test_sdxl_repository_record_stays_disabled_as_safe_default (test_model_catalog.ModelCatalogTests.test_sdxl_repository_record_stays_disabled_as_safe_default) ... ok
test_shipped_schema_and_records_expose_exact_routing_metadata (test_model_catalog.ModelCatalogTests.test_shipped_schema_and_records_expose_exact_routing_metadata) ... ok
test_standard_regional_and_two_stage_variants_coexist_for_one_model (test_model_catalog.ModelCatalogTests.test_standard_regional_and_two_stage_variants_coexist_for_one_model) ... ok
test_trusted_capabilities_normalize_optional_regional_modes (test_model_catalog.ModelCatalogTests.test_trusted_capabilities_normalize_optional_regional_modes) ... ok
test_unfingerprinted_stage_one_candidates_do_not_break_catalog (test_model_catalog.ModelCatalogTests.test_unfingerprinted_stage_one_candidates_do_not_break_catalog) ... ok
test_unready_or_untrusted_inventory_is_not_eligible (test_model_catalog.ModelCatalogTests.test_unready_or_untrusted_inventory_is_not_eligible) ... ok
test_backend_binding_is_private_only_and_token_is_canonical (test_model_identity.ModelIdentityTests.test_backend_binding_is_private_only_and_token_is_canonical) ... ok
test_comfyui_loader_identity_is_part_of_route_token (test_model_identity.ModelIdentityTests.test_comfyui_loader_identity_is_part_of_route_token) ... ok
test_component_bundle_is_canonical_and_binds_workflow_and_every_file (test_model_identity.ModelIdentityTests.test_component_bundle_is_canonical_and_binds_workflow_and_every_file) ... ok
test_component_bundle_rejects_missing_primary_or_duplicate_role (test_model_identity.ModelIdentityTests.test_component_bundle_rejects_missing_primary_or_duplicate_role) ... ok
test_cryptographic_identity_is_public_candidate_eligible (test_model_identity.ModelIdentityTests.test_cryptographic_identity_is_public_candidate_eligible) ... ok
test_filesystem_is_a_discovery_source_not_a_generation_backend (test_model_identity.ModelIdentityTests.test_filesystem_is_a_discovery_source_not_a_generation_backend) ... ok
test_rejects_incomplete_or_inconsistent_identity_records (test_model_identity.ModelIdentityTests.test_rejects_incomplete_or_inconsistent_identity_records) ... ok
test_returns_a_deep_copy (test_model_identity.ModelIdentityTests.test_returns_a_deep_copy) ... ok
test_selected_file_fingerprint_rejects_change_while_hashing (test_model_identity.ModelIdentityTests.test_selected_file_fingerprint_rejects_change_while_hashing) ... ok
test_selected_file_fingerprint_rejects_directories_and_links (test_model_identity.ModelIdentityTests.test_selected_file_fingerprint_rejects_directories_and_links) ... ok
test_selected_file_fingerprint_rejects_pre_hash_drift (test_model_identity.ModelIdentityTests.test_selected_file_fingerprint_rejects_pre_hash_drift) ... ok
test_selected_file_fingerprint_returns_stable_low_cost_fields (test_model_identity.ModelIdentityTests.test_selected_file_fingerprint_returns_stable_low_cost_fields) ... ok
test_backend_filename_cannot_be_used_as_preferred_catalog_id (test_model_router.ModelRouterTests.test_backend_filename_cannot_be_used_as_preferred_catalog_id) ... ok
test_confirm_is_exact_one_time_and_revalidates_current_catalog (test_model_router.ModelRouterTests.test_confirm_is_exact_one_time_and_revalidates_current_catalog) ... ok
test_expired_or_drifted_route_never_confirms (test_model_router.ModelRouterTests.test_expired_or_drifted_route_never_confirms) ... ok
test_ineligible_catalog_preference_is_rejected_instead_of_falling_back (test_model_router.ModelRouterTests.test_ineligible_catalog_preference_is_rejected_instead_of_falling_back) ... ok
test_invalid_requirements_fail_before_catalog_access (test_model_router.ModelRouterTests.test_invalid_requirements_fail_before_catalog_access) ... ok
test_layout_requirements_are_mutually_exclusive_and_ordinary_is_standard_only (test_model_router.ModelRouterTests.test_layout_requirements_are_mutually_exclusive_and_ordinary_is_standard_only) ... ok
test_recommendation_exposes_copyable_start_boundary_and_wait_action (test_model_router.ModelRouterTests.test_recommendation_exposes_copyable_start_boundary_and_wait_action) ... ok
test_regional_requirement_filters_workflow_mode_and_live_endpoint (test_model_router.ModelRouterTests.test_regional_requirement_filters_workflow_mode_and_live_endpoint) ... ok
test_route_exposes_exact_identity_compiler_settings_and_binding_warning (test_model_router.ModelRouterTests.test_route_exposes_exact_identity_compiler_settings_and_binding_warning) ... ok
test_route_token_and_public_filter_bind_component_bundle (test_model_router.ModelRouterTests.test_route_token_and_public_filter_bind_component_bundle) ... ok
test_route_token_freezes_complete_normalized_requirements (test_model_router.ModelRouterTests.test_route_token_freezes_complete_normalized_requirements) ... ok
test_router_hard_filters_then_returns_stable_three_maximum (test_model_router.ModelRouterTests.test_router_hard_filters_then_returns_stable_three_maximum) ... ok
test_router_returns_no_route_instead_of_weakening_hard_requirement (test_model_router.ModelRouterTests.test_router_returns_no_route_instead_of_weakening_hard_requirement) ... ok
test_two_stage_requirement_returns_only_exact_capable_variant (test_model_router.ModelRouterTests.test_two_stage_requirement_returns_only_exact_capable_variant) ... ok
test_two_stage_route_never_falls_back (test_model_router.ModelRouterTests.test_two_stage_route_never_falls_back) ... ok
test_unavailable_nodes_return_no_route_without_fallback (test_model_router.ModelRouterTests.test_unavailable_nodes_return_no_route_without_fallback) ... ok
test_unknown_catalog_preference_is_rejected_instead_of_falling_back (test_model_router.ModelRouterTests.test_unknown_catalog_preference_is_rejected_instead_of_falling_back) ... ok
setUpClass (test_packaging.PackagingTests) ... ERROR
test_all_png_filters_decode (test_png_pixels.PngPixelTests.test_all_png_filters_decode) ... ok
test_bounded_reader_rejects_mocked_windows_reparse_input (test_png_pixels.PngPixelTests.test_bounded_reader_rejects_mocked_windows_reparse_input) ... ok
test_bounded_reader_rejects_opened_file_identity_drift (test_png_pixels.PngPixelTests.test_bounded_reader_rejects_opened_file_identity_drift) ... ok
test_bounded_reader_rejects_oversize_and_non_file_inputs (test_png_pixels.PngPixelTests.test_bounded_reader_rejects_oversize_and_non_file_inputs) ... ok
test_bounded_reader_rejects_symlink_or_reparse_input (test_png_pixels.PngPixelTests.test_bounded_reader_rejects_symlink_or_reparse_input) ... ok
test_hard_mask_requires_positive_strict_interior (test_png_pixels.PngPixelTests.test_hard_mask_requires_positive_strict_interior) ... ok
test_protected_comparison_counts_rgba_alpha_changes (test_png_pixels.PngPixelTests.test_protected_comparison_counts_rgba_alpha_changes) ... ok
test_protected_comparison_detects_one_changed_pixel (test_png_pixels.PngPixelTests.test_protected_comparison_detects_one_changed_pixel) ... ok
test_protected_comparison_rejects_channel_mismatch (test_png_pixels.PngPixelTests.test_protected_comparison_rejects_channel_mismatch) ... ok
test_rgb_and_rgba_round_trip_without_pillow (test_png_pixels.PngPixelTests.test_rgb_and_rgba_round_trip_without_pillow) ... ok
test_rgb_transparency_and_invalid_reserved_chunk_bit_fail_closed (test_png_pixels.PngPixelTests.test_rgb_transparency_and_invalid_reserved_chunk_bit_fail_closed) ... ok
test_soft_mask_accepts_exact_installed_symmetric_output (test_png_pixels.PngPixelTests.test_soft_mask_accepts_exact_installed_symmetric_output) ... ok
test_soft_mask_accepts_zero_and_one_feather_hard_edges (test_png_pixels.PngPixelTests.test_soft_mask_accepts_zero_and_one_feather_hard_edges) ... ok
test_soft_mask_rejects_monotone_plateau_where_installed_profile_rises (test_png_pixels.PngPixelTests.test_soft_mask_rejects_monotone_plateau_where_installed_profile_rises) ... ok
test_soft_mask_rejects_monotone_rise_where_installed_profile_is_flat (test_png_pixels.PngPixelTests.test_soft_mask_rejects_monotone_rise_where_installed_profile_is_flat) ... ok
test_soft_mask_rejects_off_center_malformed_ramps_on_all_edges (test_png_pixels.PngPixelTests.test_soft_mask_rejects_off_center_malformed_ramps_on_all_edges) ... ok
test_soft_mask_rejects_outside_leakage (test_png_pixels.PngPixelTests.test_soft_mask_rejects_outside_leakage) ... ok
test_soft_mask_rejects_unequal_channels_and_empty_mask (test_png_pixels.PngPixelTests.test_soft_mask_rejects_unequal_channels_and_empty_mask) ... ok
test_unsupported_or_malformed_png_fails_closed (test_png_pixels.PngPixelTests.test_unsupported_or_malformed_png_fails_closed) ... ok
test_available_models_are_sorted_and_never_invoke_runner (test_postprocess.RealEsrganAdapterTests.test_available_models_are_sorted_and_never_invoke_runner) ... ok
test_destination_outside_source_run_root_is_rejected_before_runner (test_postprocess.RealEsrganAdapterTests.test_destination_outside_source_run_root_is_rejected_before_runner) ... ok
test_directory_shaped_pending_does_not_mask_validation_failure (test_postprocess.RealEsrganAdapterTests.test_directory_shaped_pending_does_not_mask_validation_failure) ... ok
test_faulty_runner_destination_directory_is_removed_on_failure (test_postprocess.RealEsrganAdapterTests.test_faulty_runner_destination_directory_is_removed_on_failure) ... ok
test_final_validation_failure_restores_existing_destination (test_postprocess.RealEsrganAdapterTests.test_final_validation_failure_restores_existing_destination) ... ok
test_missing_requested_model_pair_is_unavailable_before_runner (test_postprocess.RealEsrganAdapterTests.test_missing_requested_model_pair_is_unavailable_before_runner) ... ok
test_nonzero_exit_is_sanitized_and_removes_pending_residue (test_postprocess.RealEsrganAdapterTests.test_nonzero_exit_is_sanitized_and_removes_pending_residue) ... ok
test_pending_symlink_alias_is_removed_without_deleting_source (test_postprocess.RealEsrganAdapterTests.test_pending_symlink_alias_is_removed_without_deleting_source) ... ok
test_requires_executable_and_matching_model_pair (test_postprocess.RealEsrganAdapterTests.test_requires_executable_and_matching_model_pair) ... ok
test_success_validates_4x_png_and_atomically_publishes_metadata (test_postprocess.RealEsrganAdapterTests.test_success_validates_4x_png_and_atomically_publishes_metadata) ... ok
test_timeout_is_sanitized_and_removes_pending_residue (test_postprocess.RealEsrganAdapterTests.test_timeout_is_sanitized_and_removes_pending_residue) ... ok
test_unconfigured_adapter_is_unavailable (test_postprocess.RealEsrganAdapterTests.test_unconfigured_adapter_is_unavailable) ... ok
test_unsupported_model_is_rejected_before_runner_or_output_work (test_postprocess.RealEsrganAdapterTests.test_unsupported_model_is_rejected_before_runner_or_output_work) ... ok
test_upscale_invokes_ncnn_with_strict_list_and_tool_root_cwd (test_postprocess.RealEsrganAdapterTests.test_upscale_invokes_ncnn_with_strict_list_and_tool_root_cwd) ... ok
test_wrong_output_dimensions_fail_without_replacing_existing_destination (test_postprocess.RealEsrganAdapterTests.test_wrong_output_dimensions_fail_without_replacing_existing_destination) ... ok
test_accepts_allowed_ihdr_color_type_and_bit_depth_combinations (test_preview.PngValidationTests.test_accepts_allowed_ihdr_color_type_and_bit_depth_combinations) ... ok
test_rejects_bytes_after_iend (test_preview.PngValidationTests.test_rejects_bytes_after_iend) ... ok
test_rejects_chunk_larger_than_configured_chunk_limit (test_preview.PngValidationTests.test_rejects_chunk_larger_than_configured_chunk_limit) ... ok
test_rejects_corrupt_chunk_crc (test_preview.PngValidationTests.test_rejects_corrupt_chunk_crc) ... ok
test_rejects_dimension_mismatch (test_preview.PngValidationTests.test_rejects_dimension_mismatch) ... ok
test_rejects_duplicate_ihdr (test_preview.PngValidationTests.test_rejects_duplicate_ihdr) ... ok
test_rejects_idat_expansion_beyond_ihdr_scanline_bound (test_preview.PngValidationTests.test_rejects_idat_expansion_beyond_ihdr_scanline_bound) ... ok
test_rejects_input_larger_than_configured_file_limit (test_preview.PngValidationTests.test_rejects_input_larger_than_configured_file_limit) ... ok
test_rejects_invalid_ihdr_format_fields (test_preview.PngValidationTests.test_rejects_invalid_ihdr_format_fields) ... ok
test_rejects_non_decompressible_idat (test_preview.PngValidationTests.test_rejects_non_decompressible_idat) ... ok
test_rejects_non_positive_expected_dimensions (test_preview.PngValidationTests.test_rejects_non_positive_expected_dimensions) ... ok
test_rejects_truncated_iend_chunk (test_preview.PngValidationTests.test_rejects_truncated_iend_chunk) ... ok
test_valid_png_returns_trusted_metadata (test_preview.PngValidationTests.test_valid_png_returns_trusted_metadata) ... ok
test_validation_streams_input_instead_of_reading_the_whole_file (test_preview.PngValidationTests.test_validation_streams_input_instead_of_reading_the_whole_file) ... ok
test_creates_bounded_jpeg_with_inline_data (test_preview.PreviewEncodingTests.test_creates_bounded_jpeg_with_inline_data) ... ok
test_encoding_failure_preserves_full_source_and_removes_preview (test_preview.PreviewEncodingTests.test_encoding_failure_preserves_full_source_and_removes_preview) ... ok
test_existing_hard_link_destination_is_replaced_without_changing_source (test_preview.PreviewEncodingTests.test_existing_hard_link_destination_is_replaced_without_changing_source) ... ok
test_retries_once_with_smaller_settings_after_first_size_limit (test_preview.PreviewEncodingTests.test_retries_once_with_smaller_settings_after_first_size_limit) ... ok
test_two_oversize_attempts_remove_preview_and_temporary_file (test_preview.PreviewEncodingTests.test_two_oversize_attempts_remove_preview_and_temporary_file) ... ok
test_missing_pillow_returns_warning_and_preserves_source (test_preview.PreviewWithoutPillowTests.test_missing_pillow_returns_warning_and_preserves_source) ... ok
test_same_source_and_destination_is_rejected_before_pillow_import (test_preview.PreviewWithoutPillowTests.test_same_source_and_destination_is_rejected_before_pillow_import) ... ok
test_all_briefs_and_revisions_preserve_the_deterministic_contract (test_profile_acceptance_matrix.ProfileAcceptanceMatrixTests.test_all_briefs_and_revisions_preserve_the_deterministic_contract) ... ok
test_fixture_contains_exactly_nine_stable_briefs_and_three_revisions (test_profile_acceptance_matrix.ProfileAcceptanceMatrixTests.test_fixture_contains_exactly_nine_stable_briefs_and_three_revisions) ... ok
test_all_profiles_allow_two_stage_conditioning_for_later_actions (test_profile_registry.ProfileRegistryTests.test_all_profiles_allow_two_stage_conditioning_for_later_actions) ... ok
test_anime_rubric_merges_before_use_case_rubric (test_profile_registry.ProfileRegistryTests.test_anime_rubric_merges_before_use_case_rubric) ... ok
test_bundled_profile_declares_all_designated_critical_dimensions (test_profile_registry.ProfileRegistryTests.test_bundled_profile_declares_all_designated_critical_dimensions) ... ok
test_catalog_contains_only_profiles_and_styles (test_profile_registry.ProfileRegistryTests.test_catalog_contains_only_profiles_and_styles) ... ok
test_catalog_exposes_copied_profile_and_style_metadata (test_profile_registry.ProfileRegistryTests.test_catalog_exposes_copied_profile_and_style_metadata) ... ok
test_catalog_lists_all_v1_use_case_profiles (test_profile_registry.ProfileRegistryTests.test_catalog_lists_all_v1_use_case_profiles) ... ok
test_each_profile_has_examples_for_every_subtype (test_profile_registry.ProfileRegistryTests.test_each_profile_has_examples_for_every_subtype) ... ok
test_lists_standalone_profile_and_anime_style (test_profile_registry.ProfileRegistryTests.test_lists_standalone_profile_and_anime_style) ... ok
test_presentation_profile_marks_safe_area_as_critical (test_profile_registry.ProfileRegistryTests.test_presentation_profile_marks_safe_area_as_critical) ... ok
test_published_schema_matches_runtime_identity_contract (test_profile_registry.ProfileRegistryTests.test_published_schema_matches_runtime_identity_contract) ... ok
test_rejects_unknown_profile (test_profile_registry.ProfileRegistryTests.test_rejects_unknown_profile) ... ok
test_released_profile_validation_rejects_missing_critical_markers (test_profile_registry.ProfileRegistryTests.test_released_profile_validation_rejects_missing_critical_markers) ... ok
test_runtime_rejects_invalid_identity_fields (test_profile_registry.ProfileRegistryTests.test_runtime_rejects_invalid_identity_fields) ... ok
test_runtime_rejects_invalid_profile_lists_and_rubric_items (test_profile_registry.ProfileRegistryTests.test_runtime_rejects_invalid_profile_lists_and_rubric_items) ... ok
test_runtime_required_fields_match_published_schema (test_profile_registry.ProfileRegistryTests.test_runtime_required_fields_match_published_schema) ... ok
test_style_runtime_fields_match_published_schema (test_profile_registry.ProfileRegistryTests.test_style_runtime_fields_match_published_schema) ... ok
test_ui_profile_makes_semantic_fidelity_critical (test_profile_registry.ProfileRegistryTests.test_ui_profile_makes_semantic_fidelity_critical) ... ok
test_ui_profile_prohibits_baked_controls_and_text (test_profile_registry.ProfileRegistryTests.test_ui_profile_prohibits_baked_controls_and_text) ... ok
test_user_constraints_override_profile_defaults (test_profile_registry.ProfileRegistryTests.test_user_constraints_override_profile_defaults) ... ok
test_rejects_unknown_compiler_or_empty_positive_prompt (test_prompt_compilers.PromptCompilerTests.test_rejects_unknown_compiler_or_empty_positive_prompt) ... ok
test_sd15_compiler_normalizes_explicit_tags_without_inventing_any (test_prompt_compilers.PromptCompilerTests.test_sd15_compiler_normalizes_explicit_tags_without_inventing_any) ... ok
test_unknown_family_uses_conservative_natural_language (test_prompt_compilers.PromptCompilerTests.test_unknown_family_uses_conservative_natural_language) ... ok
test_active_release_guides_pin_v091_and_seventeen_tools (test_public_docs.PublicDocumentationTests.test_active_release_guides_pin_v091_and_seventeen_tools) ... ok
test_active_versions_are_v091_and_historical_versions_are_preserved (test_public_docs.PublicDocumentationTests.test_active_versions_are_v091_and_historical_versions_are_preserved) ... ok
test_alternatives_are_dated_source_linked_and_non_hostile (test_public_docs.PublicDocumentationTests.test_alternatives_are_dated_source_linked_and_non_hostile) ... ok
test_alternatives_matches_three_decision_first_use_contract (test_public_docs.PublicDocumentationTests.test_alternatives_matches_three_decision_first_use_contract) ... ok
test_bilingual_first_run_docs_explain_managed_comfyui_safety (test_public_docs.PublicDocumentationTests.test_bilingual_first_run_docs_explain_managed_comfyui_safety) ... ok
test_bilingual_quickstarts_explain_the_durable_launcher_and_drift_recovery (test_public_docs.PublicDocumentationTests.test_bilingual_quickstarts_explain_the_durable_launcher_and_drift_recovery) ... ok
test_bilingual_readme_and_quickstart_preserve_first_run_contract (test_public_docs.PublicDocumentationTests.test_bilingual_readme_and_quickstart_preserve_first_run_contract) ... ok
test_bootstrap_doc_binds_current_v091_candidate (test_public_docs.PublicDocumentationTests.test_bootstrap_doc_binds_current_v091_candidate) ... ok
test_bootstrap_docs_keep_generation_and_readiness_claims_evidence_bound (test_public_docs.PublicDocumentationTests.test_bootstrap_docs_keep_generation_and_readiness_claims_evidence_bound) ... ok
test_claim_scanner_preserves_truthful_negative_boundaries (test_public_docs.PublicDocumentationTests.test_claim_scanner_preserves_truthful_negative_boundaries) ... ok
test_claim_scanner_rejects_equivalent_false_claims (test_public_docs.PublicDocumentationTests.test_claim_scanner_rejects_equivalent_false_claims) ... ok
test_codex_first_viewport_states_literal_offer_and_ready_request (test_public_docs.PublicDocumentationTests.test_codex_first_viewport_states_literal_offer_and_ready_request) ... ok
test_current_codex_live_gate_is_bounded_without_becoming_public_evidence (test_public_docs.PublicDocumentationTests.test_current_codex_live_gate_is_bounded_without_becoming_public_evidence) ... ok
test_directory_docs_separate_submitted_and_blocked_channels (test_public_docs.PublicDocumentationTests.test_directory_docs_separate_submitted_and_blocked_channels) ... ok
test_docs_cover_safe_byom_discovery_trust_and_routing (test_public_docs.PublicDocumentationTests.test_docs_cover_safe_byom_discovery_trust_and_routing) ... ok
test_docs_define_exact_file_fresh_process_recovery_without_identity_downgrade (test_public_docs.PublicDocumentationTests.test_docs_define_exact_file_fresh_process_recovery_without_identity_downgrade) ... ok
test_docs_define_two_stage_artifacts_gates_and_honest_single_pass_scope (test_public_docs.PublicDocumentationTests.test_docs_define_two_stage_artifacts_gates_and_honest_single_pass_scope) ... ok
test_docs_describe_candidate_and_user_bound_confirmation (test_public_docs.PublicDocumentationTests.test_docs_describe_candidate_and_user_bound_confirmation) ... ok
test_docs_distinguish_local_comfyui_validation_from_public_acceptance (test_public_docs.PublicDocumentationTests.test_docs_distinguish_local_comfyui_validation_from_public_acceptance) ... ok
test_github_listing_bounds_the_workflow_offer (test_public_docs.PublicDocumentationTests.test_github_listing_bounds_the_workflow_offer) ... ok
test_guided_bootstrap_docs_share_zero_and_existing_environment_paths (test_public_docs.PublicDocumentationTests.test_guided_bootstrap_docs_share_zero_and_existing_environment_paths) ... ok
test_historical_star_gate_documents_have_superseded_notice (test_public_docs.PublicDocumentationTests.test_historical_star_gate_documents_have_superseded_notice) ... ok
test_launch_copy_separates_pixel_generation_from_control_plane_value (test_public_docs.PublicDocumentationTests.test_launch_copy_separates_pixel_generation_from_control_plane_value) ... ok
test_launch_docs_lead_with_supported_workflow_onboarding (test_public_docs.PublicDocumentationTests.test_launch_docs_lead_with_supported_workflow_onboarding) ... ok
test_launch_playbook_binds_100_star_floor_to_post_release_measurement (test_public_docs.PublicDocumentationTests.test_launch_playbook_binds_100_star_floor_to_post_release_measurement) ... ok
test_launch_playbook_requires_passed_publication_runbook_report (test_public_docs.PublicDocumentationTests.test_launch_playbook_requires_passed_publication_runbook_report) ... ok
test_plugin_manifest_describes_current_byom_boundary (test_public_docs.PublicDocumentationTests.test_plugin_manifest_describes_current_byom_boundary) ... ok
test_preview_and_full_acceptance_gates_remain_distinct (test_public_docs.PublicDocumentationTests.test_preview_and_full_acceptance_gates_remain_distinct) ... ok
test_public_docs_do_not_make_unsupported_release_claims (test_public_docs.PublicDocumentationTests.test_public_docs_do_not_make_unsupported_release_claims) ... ok
test_publication_runbook_binds_exact_offline_candidate_before_remote_actions (test_public_docs.PublicDocumentationTests.test_publication_runbook_binds_exact_offline_candidate_before_remote_actions) ... ok
test_publication_runbook_creates_parent_and_uses_fresh_report_path (test_public_docs.PublicDocumentationTests.test_publication_runbook_creates_parent_and_uses_fresh_report_path) ... ok
test_quality_control_rejects_semantic_substitution (test_public_docs.PublicDocumentationTests.test_quality_control_rejects_semantic_substitution) ... ok
test_quickstart_is_bounded_reversible_and_private_value_free (test_public_docs.PublicDocumentationTests.test_quickstart_is_bounded_reversible_and_private_value_free) ... ok
test_quickstart_uses_three_first_use_decisions_and_one_successful_round (test_public_docs.PublicDocumentationTests.test_quickstart_uses_three_first_use_decisions_and_one_successful_round) ... ok
test_readme_documents_v05_agent_workflow_and_release_boundary (test_public_docs.PublicDocumentationTests.test_readme_documents_v05_agent_workflow_and_release_boundary) ... ok
test_readme_first_viewport_uses_workflow_evidence_not_retired_visual (test_public_docs.PublicDocumentationTests.test_readme_first_viewport_uses_workflow_evidence_not_retired_visual) ... ok
test_readme_leads_with_literal_offer_and_installed_path (test_public_docs.PublicDocumentationTests.test_readme_leads_with_literal_offer_and_installed_path) ... ok
test_readme_shipped_workflow_inventory_matches_packaged_assets (test_public_docs.PublicDocumentationTests.test_readme_shipped_workflow_inventory_matches_packaged_assets) ... ok
test_release_checklist_records_current_local_release_gate_status (test_public_docs.PublicDocumentationTests.test_release_checklist_records_current_local_release_gate_status) ... ok
test_release_coherence_docs_share_v091_state (test_public_docs.PublicDocumentationTests.test_release_coherence_docs_share_v091_state) ... ok
test_release_docs_record_registry_and_topics_without_claiming_preview_upload (test_public_docs.PublicDocumentationTests.test_release_docs_record_registry_and_topics_without_claiming_preview_upload) ... ok
test_release_mainline_keeps_composition_routes_experimental (test_public_docs.PublicDocumentationTests.test_release_mainline_keeps_composition_routes_experimental) ... ok
test_release_platform_scope_is_windows_first_with_linux_contract_checks (test_public_docs.PublicDocumentationTests.test_release_platform_scope_is_windows_first_with_linux_contract_checks) ... ok
test_retained_client_evidence_keeps_historical_and_current_roles (test_public_docs.PublicDocumentationTests.test_retained_client_evidence_keeps_historical_and_current_roles) ... ok
test_skill_stale_version_mutation_is_rejected (test_public_docs.PublicDocumentationTests.test_skill_stale_version_mutation_is_rejected) ... ok
test_stale_active_version_mutations_are_rejected (test_public_docs.PublicDocumentationTests.test_stale_active_version_mutations_are_rejected) ... ok
test_star_floor_is_post_release_goal_and_requires_iteration (test_public_docs.PublicDocumentationTests.test_star_floor_is_post_release_goal_and_requires_iteration) ... ok
test_supporting_docs_cover_v05_architecture_recovery_and_release (test_public_docs.PublicDocumentationTests.test_supporting_docs_cover_v05_architecture_recovery_and_release) ... ok
test_unretained_real_evidence_is_not_presented_as_complete (test_public_docs.PublicDocumentationTests.test_unretained_real_evidence_is_not_presented_as_complete) ... ok
test_v080_docs_describe_safe_workflow_onboarding_truthfully (test_public_docs.PublicDocumentationTests.test_v080_docs_describe_safe_workflow_onboarding_truthfully) ... ok
test_append_refuses_invalid_history_and_lock_contention (test_record_star_observation.StarObservationRecorderTests.test_append_refuses_invalid_history_and_lock_contention) ... ok
test_baseline_binds_published_release_and_appends_repository_count (test_record_star_observation.StarObservationRecorderTests.test_baseline_binds_published_release_and_appends_repository_count) ... ok
test_baseline_rejects_draft_missing_publication_and_reuse (test_record_star_observation.StarObservationRecorderTests.test_baseline_rejects_draft_missing_publication_and_reuse) ... ok
test_cli_baseline_observe_and_correct_emit_json_without_committing (test_record_star_observation.StarObservationRecorderTests.test_cli_baseline_observe_and_correct_emit_json_without_committing) ... ok
test_correction_appends_and_rejects_stale_target (test_record_star_observation.StarObservationRecorderTests.test_correction_appends_and_rejects_stale_target) ... ok
test_correction_rejects_invalid_metadata_before_append (test_record_star_observation.StarObservationRecorderTests.test_correction_rejects_invalid_metadata_before_append) ... ok
test_environment_token_is_authorization_only_and_never_persisted_or_printed (test_record_star_observation.StarObservationRecorderTests.test_environment_token_is_authorization_only_and_never_persisted_or_printed) ... ok
test_github_api_is_get_only_bounded_and_rejects_redirect_hosts (test_record_star_observation.StarObservationRecorderTests.test_github_api_is_get_only_bounded_and_rejects_redirect_hosts) ... ok
test_observe_appends_t30_without_rewriting_prior_bytes (test_record_star_observation.StarObservationRecorderTests.test_observe_appends_t30_without_rewriting_prior_bytes) ... ok
test_repository_failure_after_campaign_creation_is_appended (test_record_star_observation.StarObservationRecorderTests.test_repository_failure_after_campaign_creation_is_appended) ... ok
test_conditioning_rejects_shape_prompt_and_strength_errors (test_regional_layout.RegionalLayoutTests.test_conditioning_rejects_shape_prompt_and_strength_errors) ... ok
test_exports_the_only_supported_mode_and_template (test_regional_layout.RegionalLayoutTests.test_exports_the_only_supported_mode_and_template) ... ok
test_layout_rejects_shape_number_bound_and_overlap_errors (test_regional_layout.RegionalLayoutTests.test_layout_rejects_shape_number_bound_and_overlap_errors) ... ok
test_separated_vertical_regions_are_valid (test_regional_layout.RegionalLayoutTests.test_separated_vertical_regions_are_valid) ... ok
test_strength_boundaries_are_inclusive (test_regional_layout.RegionalLayoutTests.test_strength_boundaries_are_inclusive) ... ok
test_touching_regions_pass_but_interior_overlap_fails (test_regional_layout.RegionalLayoutTests.test_touching_regions_pass_but_interior_overlap_fails) ... ok
test_valid_contract_is_trimmed_and_deep_copied (test_regional_layout.RegionalLayoutTests.test_valid_contract_is_trimmed_and_deep_copied) ... ok
test_exact_required_signatures_accept_optional_metadata (test_regional_layout.RegionalNodeInfoTests.test_exact_required_signatures_accept_optional_metadata) ... ok
test_missing_extra_renamed_or_retyped_required_input_fails (test_regional_layout.RegionalNodeInfoTests.test_missing_extra_renamed_or_retyped_required_input_fails) ... ok
test_public_regional_route_retains_conditioning_across_exhausted_rounds (test_regional_vertical_slice.RegionalVerticalSliceTests.test_public_regional_route_retains_conditioning_across_exhausted_rounds) ... ok
test_checkout_child_temporary_root_fails_before_any_work (test_release_candidate_checks.ReleaseCandidateInstalledTests.test_checkout_child_temporary_root_fails_before_any_work) ... ok
test_cleanup_after_runner_exception_and_setup_marker_creation (test_release_candidate_checks.ReleaseCandidateInstalledTests.test_cleanup_after_runner_exception_and_setup_marker_creation) ... ok
test_compile_rejects_boolean_source_count (test_release_candidate_checks.ReleaseCandidateInstalledTests.test_compile_rejects_boolean_source_count) ... FAIL
test_created_venv_must_report_python_312_before_install (test_release_candidate_checks.ReleaseCandidateInstalledTests.test_created_venv_must_report_python_312_before_install) ... ok
test_doctor_ready_true_is_blocked (test_release_candidate_checks.ReleaseCandidateInstalledTests.test_doctor_ready_true_is_blocked) ... FAIL
test_environment_scrubs_hostile_proxy_variables_and_forces_no_proxy (test_release_candidate_checks.ReleaseCandidateInstalledTests.test_environment_scrubs_hostile_proxy_variables_and_forces_no_proxy) ... ok
test_failures_are_mapped_without_tracebacks (test_release_candidate_checks.ReleaseCandidateInstalledTests.test_failures_are_mapped_without_tracebacks) ... 
  test_failures_are_mapped_without_tracebacks (test_release_candidate_checks.ReleaseCandidateInstalledTests.test_failures_are_mapped_without_tracebacks) (target='verify') ... FAIL
  test_failures_are_mapped_without_tracebacks (test_release_candidate_checks.ReleaseCandidateInstalledTests.test_failures_are_mapped_without_tracebacks) (target='doctor') ... FAIL
  test_failures_are_mapped_without_tracebacks (test_release_candidate_checks.ReleaseCandidateInstalledTests.test_failures_are_mapped_without_tracebacks) (target='setup') ... FAIL
  test_failures_are_mapped_without_tracebacks (test_release_candidate_checks.ReleaseCandidateInstalledTests.test_failures_are_mapped_without_tracebacks) (target='compile') ... FAIL
test_install_wheel_cleanup_attempts_both_handle_closes (test_release_candidate_checks.ReleaseCandidateInstalledTests.test_install_wheel_cleanup_attempts_both_handle_closes) ... skipped 'Windows handle regression'
test_installed_check_materializes_only_the_supplied_immutable_payload (test_release_candidate_checks.ReleaseCandidateInstalledTests.test_installed_check_materializes_only_the_supplied_immutable_payload) ... FAIL
test_installed_contract_requires_exact_version_protocol_and_tools (test_release_candidate_checks.ReleaseCandidateInstalledTests.test_installed_contract_requires_exact_version_protocol_and_tools) ... 
  test_installed_contract_requires_exact_version_protocol_and_tools (test_release_candidate_checks.ReleaseCandidateInstalledTests.test_installed_contract_requires_exact_version_protocol_and_tools) (field='version') ... FAIL
  test_installed_contract_requires_exact_version_protocol_and_tools (test_release_candidate_checks.ReleaseCandidateInstalledTests.test_installed_contract_requires_exact_version_protocol_and_tools) (field='protocol') ... FAIL
  test_installed_contract_requires_exact_version_protocol_and_tools (test_release_candidate_checks.ReleaseCandidateInstalledTests.test_installed_contract_requires_exact_version_protocol_and_tools) (field='tools') ... FAIL
test_json_boundary_rejects_empty_oversized_non_object_traceback_and_timeout (test_release_candidate_checks.ReleaseCandidateInstalledTests.test_json_boundary_rejects_empty_oversized_non_object_traceback_and_timeout) ... 
  test_json_boundary_rejects_empty_oversized_non_object_traceback_and_timeout (test_release_candidate_checks.ReleaseCandidateInstalledTests.test_json_boundary_rejects_empty_oversized_non_object_traceback_and_timeout) (output_type='str', size=0) ... FAIL
  test_json_boundary_rejects_empty_oversized_non_object_traceback_and_timeout (test_release_candidate_checks.ReleaseCandidateInstalledTests.test_json_boundary_rejects_empty_oversized_non_object_traceback_and_timeout) (output_type='str', size=1048577) ... FAIL
  test_json_boundary_rejects_empty_oversized_non_object_traceback_and_timeout (test_release_candidate_checks.ReleaseCandidateInstalledTests.test_json_boundary_rejects_empty_oversized_non_object_traceback_and_timeout) (output_type='str', size=2) ... FAIL
  test_json_boundary_rejects_empty_oversized_non_object_traceback_and_timeout (test_release_candidate_checks.ReleaseCandidateInstalledTests.test_json_boundary_rejects_empty_oversized_non_object_traceback_and_timeout) (output_type='str', size=12) ... FAIL
test_json_boundary_rejects_empty_oversized_non_object_traceback_and_timeout (test_release_candidate_checks.ReleaseCandidateInstalledTests.test_json_boundary_rejects_empty_oversized_non_object_traceback_and_timeout) ... FAIL
test_python_gate_rejects_wrong_malformed_missing_and_timeout_before_venv (test_release_candidate_checks.ReleaseCandidateInstalledTests.test_python_gate_rejects_wrong_malformed_missing_and_timeout_before_venv) ... ok
test_real_pip_accepts_matching_wheel_digest_and_rejects_mismatch (test_release_candidate_checks.ReleaseCandidateInstalledTests.test_real_pip_accepts_matching_wheel_digest_and_rejects_mismatch) ... skipped 'real pip hash regression requires Python 3.12'
test_setup_marker_creation_is_blocked (test_release_candidate_checks.ReleaseCandidateInstalledTests.test_setup_marker_creation_is_blocked) ... FAIL
test_valid_path_uses_supplied_python_to_create_and_verify_venv (test_release_candidate_checks.ReleaseCandidateInstalledTests.test_valid_path_uses_supplied_python_to_create_and_verify_venv) ... FAIL
test_atomic_report_failure_cleanup_never_uses_path_unlink (test_release_candidate_checks.ReleaseCandidateReportTests.test_atomic_report_failure_cleanup_never_uses_path_unlink) ... ok
test_atomic_report_installs_exact_complete_bytes_once (test_release_candidate_checks.ReleaseCandidateReportTests.test_atomic_report_installs_exact_complete_bytes_once) ... ERROR
test_atomic_report_linux_parent_move_at_commit_is_rolled_back (test_release_candidate_checks.ReleaseCandidateReportTests.test_atomic_report_linux_parent_move_at_commit_is_rolled_back) ... skipped 'Linux fd regression'
test_atomic_report_linux_parent_move_blocks_before_commit (test_release_candidate_checks.ReleaseCandidateReportTests.test_atomic_report_linux_parent_move_blocks_before_commit) ... skipped 'Linux fd regression'
test_atomic_report_locks_parent_identity_through_commit (test_release_candidate_checks.ReleaseCandidateReportTests.test_atomic_report_locks_parent_identity_through_commit) ... skipped 'Windows directory-handle regression'
test_atomic_report_locks_pending_content_through_commit (test_release_candidate_checks.ReleaseCandidateReportTests.test_atomic_report_locks_pending_content_through_commit) ... skipped 'Windows share-lock regression'
test_atomic_report_racing_destination_creation_is_not_overwritten (test_release_candidate_checks.ReleaseCandidateReportTests.test_atomic_report_racing_destination_creation_is_not_overwritten) ... ERROR
test_atomic_report_recovers_success_after_commit_then_raise (test_release_candidate_checks.ReleaseCandidateReportTests.test_atomic_report_recovers_success_after_commit_then_raise) ... ERROR
test_atomic_report_refuses_to_overwrite_existing_file (test_release_candidate_checks.ReleaseCandidateReportTests.test_atomic_report_refuses_to_overwrite_existing_file) ... ok
test_atomic_report_rejects_unsafe_destination_and_parent_without_paths (test_release_candidate_checks.ReleaseCandidateReportTests.test_atomic_report_rejects_unsafe_destination_and_parent_without_paths) ... ok
test_atomic_report_rolls_back_after_post_commit_parent_check_failure (test_release_candidate_checks.ReleaseCandidateReportTests.test_atomic_report_rolls_back_after_post_commit_parent_check_failure) ... ERROR
test_blocked_runtime_report_uses_only_bounded_codes (test_release_candidate_checks.ReleaseCandidateReportTests.test_blocked_runtime_report_uses_only_bounded_codes) ... ok
test_candidate_keeps_immutable_wheel_bytes_across_both_check_phases (test_release_candidate_checks.ReleaseCandidateReportTests.test_candidate_keeps_immutable_wheel_bytes_across_both_check_phases) ... ok
test_candidate_runs_static_checks_before_installed_checks (test_release_candidate_checks.ReleaseCandidateReportTests.test_candidate_runs_static_checks_before_installed_checks) ... ok
test_canonical_report_rejects_non_finite_numbers (test_release_candidate_checks.ReleaseCandidateReportTests.test_canonical_report_rejects_non_finite_numbers) ... ok
test_malformed_hashes_and_missing_python_block_before_installed_checks (test_release_candidate_checks.ReleaseCandidateReportTests.test_malformed_hashes_and_missing_python_block_before_installed_checks) ... ok
test_report_is_canonical_ascii_and_blocks_without_private_paths (test_release_candidate_checks.ReleaseCandidateReportTests.test_report_is_canonical_ascii_and_blocks_without_private_paths) ... ok
test_status_is_passed_only_when_every_check_passes (test_release_candidate_checks.ReleaseCandidateReportTests.test_status_is_passed_only_when_every_check_passes) ... ok
test_windows_disposition_failure_is_not_silent (test_release_candidate_checks.ReleaseCandidateReportTests.test_windows_disposition_failure_is_not_silent) ... skipped 'Windows handle regression'
test_checkout_blocks_porcelain_tracked_state_and_runner_exception (test_release_candidate_checks.ReleaseCandidateStaticTests.test_checkout_blocks_porcelain_tracked_state_and_runner_exception) ... ok
test_checkout_bounds_untracked_names_and_runner_failure (test_release_candidate_checks.ReleaseCandidateStaticTests.test_checkout_bounds_untracked_names_and_runner_failure) ... ok
test_checkout_does_not_expose_untracked_names (test_release_candidate_checks.ReleaseCandidateStaticTests.test_checkout_does_not_expose_untracked_names) ... ok
test_checkout_rejects_non_lowercase_or_mismatched_commit (test_release_candidate_checks.ReleaseCandidateStaticTests.test_checkout_rejects_non_lowercase_or_mismatched_commit) ... ok
test_checkout_reports_untracked_without_blocking (test_release_candidate_checks.ReleaseCandidateStaticTests.test_checkout_reports_untracked_without_blocking) ... ok
test_checkout_requires_exact_head_and_clean_tracked_state (test_release_candidate_checks.ReleaseCandidateStaticTests.test_checkout_requires_exact_head_and_clean_tracked_state) ... ok
test_checkout_returns_sorted_unique_non_contradictory_checks (test_release_candidate_checks.ReleaseCandidateStaticTests.test_checkout_returns_sorted_unique_non_contradictory_checks) ... ok
test_test_teardown_uses_python_311_rmtree_api (test_release_candidate_checks.ReleaseCandidateStaticTests.test_test_teardown_uses_python_311_rmtree_api) ... ok
test_registry_descriptor_rejects_duplicate_keys_at_every_object_level (test_release_candidate_checks.ReleaseCandidateWheelTests.test_registry_descriptor_rejects_duplicate_keys_at_every_object_level) ... ok
test_wheel_allows_only_packaged_public_model_descriptors (test_release_candidate_checks.ReleaseCandidateWheelTests.test_wheel_allows_only_packaged_public_model_descriptors) ... ok
test_wheel_binds_hash_metadata_and_registry_descriptor (test_release_candidate_checks.ReleaseCandidateWheelTests.test_wheel_binds_hash_metadata_and_registry_descriptor) ... ok
test_wheel_content_scan_distinguishes_guards_from_hardcoded_values (test_release_candidate_checks.ReleaseCandidateWheelTests.test_wheel_content_scan_distinguishes_guards_from_hardcoded_values) ... ok
test_wheel_cross_validates_directory_paths_and_unix_file_types (test_release_candidate_checks.ReleaseCandidateWheelTests.test_wheel_cross_validates_directory_paths_and_unix_file_types) ... ok
test_wheel_does_not_read_content_after_unsafe_or_invalid_layout (test_release_candidate_checks.ReleaseCandidateWheelTests.test_wheel_does_not_read_content_after_unsafe_or_invalid_layout) ... ok
test_wheel_hash_and_zip_parse_the_same_single_opened_snapshot (test_release_candidate_checks.ReleaseCandidateWheelTests.test_wheel_hash_and_zip_parse_the_same_single_opened_snapshot) ... ok
test_wheel_rejects_a_stream_read_over_the_outer_budget (test_release_candidate_checks.ReleaseCandidateWheelTests.test_wheel_rejects_a_stream_read_over_the_outer_budget) ... ok
test_wheel_rejects_ambiguous_member_names_and_nonempty_directories (test_release_candidate_checks.ReleaseCandidateWheelTests.test_wheel_rejects_ambiguous_member_names_and_nonempty_directories) ... ok
test_wheel_rejects_archive_size_limits (test_release_candidate_checks.ReleaseCandidateWheelTests.test_wheel_rejects_archive_size_limits) ... ok
test_wheel_rejects_broader_private_paths_and_credential_markers (test_release_candidate_checks.ReleaseCandidateWheelTests.test_wheel_rejects_broader_private_paths_and_credential_markers) ... ok
test_wheel_rejects_case_insensitive_private_directories (test_release_candidate_checks.ReleaseCandidateWheelTests.test_wheel_rejects_case_insensitive_private_directories) ... ok
test_wheel_rejects_computed_python_credential_keys (test_release_candidate_checks.ReleaseCandidateWheelTests.test_wheel_rejects_computed_python_credential_keys) ... ok
test_wheel_rejects_decoy_bootstrap_asset_members (test_release_candidate_checks.ReleaseCandidateWheelTests.test_wheel_rejects_decoy_bootstrap_asset_members) ... ok
test_wheel_rejects_duplicate_members_and_malformed_wheel_headers (test_release_candidate_checks.ReleaseCandidateWheelTests.test_wheel_rejects_duplicate_members_and_malformed_wheel_headers) ... ok
test_wheel_rejects_duplicate_or_conflicting_metadata_identity_headers (test_release_candidate_checks.ReleaseCandidateWheelTests.test_wheel_rejects_duplicate_or_conflicting_metadata_identity_headers) ... ok
test_wheel_rejects_filename_hash_and_dist_info_failures (test_release_candidate_checks.ReleaseCandidateWheelTests.test_wheel_rejects_filename_hash_and_dist_info_failures) ... ok
test_wheel_rejects_generic_windows_absolute_paths (test_release_candidate_checks.ReleaseCandidateWheelTests.test_wheel_rejects_generic_windows_absolute_paths) ... ok
test_wheel_rejects_identity_change_between_lstat_and_open (test_release_candidate_checks.ReleaseCandidateWheelTests.test_wheel_rejects_identity_change_between_lstat_and_open) ... ok
test_wheel_rejects_json_duplicate_and_sensitive_key_forms (test_release_candidate_checks.ReleaseCandidateWheelTests.test_wheel_rejects_json_duplicate_and_sensitive_key_forms) ... ok
test_wheel_rejects_literals_in_credential_method_receivers (test_release_candidate_checks.ReleaseCandidateWheelTests.test_wheel_rejects_literals_in_credential_method_receivers) ... ok
test_wheel_rejects_lstat_path_types_before_open (test_release_candidate_checks.ReleaseCandidateWheelTests.test_wheel_rejects_lstat_path_types_before_open) ... ok
test_wheel_rejects_metadata_and_descriptor_drift (test_release_candidate_checks.ReleaseCandidateWheelTests.test_wheel_rejects_metadata_and_descriptor_drift) ... ok
test_wheel_rejects_nested_json_credential_values (test_release_candidate_checks.ReleaseCandidateWheelTests.test_wheel_rejects_nested_json_credential_values) ... ok
test_wheel_rejects_non_normalized_member_spelling (test_release_candidate_checks.ReleaseCandidateWheelTests.test_wheel_rejects_non_normalized_member_spelling) ... ok
test_wheel_rejects_opened_nonregular_reparse_or_changed_objects (test_release_candidate_checks.ReleaseCandidateWheelTests.test_wheel_rejects_opened_nonregular_reparse_or_changed_objects) ... ok
test_wheel_rejects_oversized_file_before_hash_or_zip_open (test_release_candidate_checks.ReleaseCandidateWheelTests.test_wheel_rejects_oversized_file_before_hash_or_zip_open) ... ok
test_wheel_rejects_parser_defects_in_metadata_and_wheel_headers (test_release_candidate_checks.ReleaseCandidateWheelTests.test_wheel_rejects_parser_defects_in_metadata_and_wheel_headers) ... ok
test_wheel_rejects_public_model_descriptor_directory (test_release_candidate_checks.ReleaseCandidateWheelTests.test_wheel_rejects_public_model_descriptor_directory) ... ok
test_wheel_rejects_python_credential_binding_forms (test_release_candidate_checks.ReleaseCandidateWheelTests.test_wheel_rejects_python_credential_binding_forms) ... ok
test_wheel_rejects_quoted_credential_keys_without_leaking_content (test_release_candidate_checks.ReleaseCandidateWheelTests.test_wheel_rejects_quoted_credential_keys_without_leaking_content) ... ok
test_wheel_rejects_short_or_symbolic_credentials_and_private_paths (test_release_candidate_checks.ReleaseCandidateWheelTests.test_wheel_rejects_short_or_symbolic_credentials_and_private_paths) ... ok
test_wheel_rejects_total_size_overflow_without_reading_entries (test_release_candidate_checks.ReleaseCandidateWheelTests.test_wheel_rejects_total_size_overflow_without_reading_entries) ... ok
test_wheel_rejects_traversal_link_weights_and_private_entries (test_release_candidate_checks.ReleaseCandidateWheelTests.test_wheel_rejects_traversal_link_weights_and_private_entries) ... ok
test_wheel_rejects_unsafe_zip_forms_and_sensitive_content (test_release_candidate_checks.ReleaseCandidateWheelTests.test_wheel_rejects_unsafe_zip_forms_and_sensitive_content) ... ok
test_wheel_reports_archive_read_failure_without_error_text (test_release_candidate_checks.ReleaseCandidateWheelTests.test_wheel_reports_archive_read_failure_without_error_text) ... ok
test_wheel_reports_hash_read_failure_without_exception (test_release_candidate_checks.ReleaseCandidateWheelTests.test_wheel_reports_hash_read_failure_without_exception) ... ok
test_wheel_requires_bootstrap_manifest_and_skill_assets (test_release_candidate_checks.ReleaseCandidateWheelTests.test_wheel_requires_bootstrap_manifest_and_skill_assets) ... ok
test_wheel_returns_sorted_unique_checks_with_explicit_dist_info (test_release_candidate_checks.ReleaseCandidateWheelTests.test_wheel_returns_sorted_unique_checks_with_explicit_dist_info) ... ok
test_acceptance_briefs_are_bound_to_committed_bytes (test_repository_hygiene.RepositoryHygieneTests.test_acceptance_briefs_are_bound_to_committed_bytes) ... ok
test_ci_installs_the_durable_launcher_prerequisite (test_repository_hygiene.RepositoryHygieneTests.test_ci_installs_the_durable_launcher_prerequisite) ... ok
test_ci_uses_node24_actions (test_repository_hygiene.RepositoryHygieneTests.test_ci_uses_node24_actions) ... ok
test_hash_bound_public_evidence_uses_portable_lf_checkout (test_repository_hygiene.RepositoryHygieneTests.test_hash_bound_public_evidence_uses_portable_lf_checkout) ... ok
test_hash_bound_workflows_disable_checkout_eol_conversion (test_repository_hygiene.RepositoryHygieneTests.test_hash_bound_workflows_disable_checkout_eol_conversion) ... ok
test_mit_metadata_and_public_templates_are_retained (test_repository_hygiene.RepositoryHygieneTests.test_mit_metadata_and_public_templates_are_retained) ... ok
test_private_roots_are_ignored_and_untracked (test_repository_hygiene.RepositoryHygieneTests.test_private_roots_are_ignored_and_untracked) ... ok
test_registry_metadata_is_exact_and_uses_uvx_stdio (test_repository_hygiene.RepositoryHygieneTests.test_registry_metadata_is_exact_and_uses_uvx_stdio) ... ok
test_registry_ownership_marker_and_directory_statuses_are_explicit (test_repository_hygiene.RepositoryHygieneTests.test_registry_ownership_marker_and_directory_statuses_are_explicit) ... ok
test_social_preview_html_uses_portable_hash_bound_line_endings (test_repository_hygiene.RepositoryHygieneTests.test_social_preview_html_uses_portable_hash_bound_line_endings) ... ok
test_tracked_public_files_do_not_contain_personal_absolute_roots (test_repository_hygiene.RepositoryHygieneTests.test_tracked_public_files_do_not_contain_personal_absolute_roots) ... ok
test_contract_rejects_duplicate_targets_and_changes_after_casefold (test_revisions.RevisionContractTests.test_contract_rejects_duplicate_targets_and_changes_after_casefold) ... ok
test_contract_rejects_unknown_preserve_strength (test_revisions.RevisionContractTests.test_contract_rejects_unknown_preserve_strength) ... ok
test_contract_requires_nonempty_change_list (test_revisions.RevisionContractTests.test_contract_requires_nonempty_change_list) ... ok
test_contract_returns_a_normalized_deep_copy (test_revisions.RevisionContractTests.test_contract_returns_a_normalized_deep_copy) ... ok
test_branch_records_lineage_without_mutating_parent (test_revisions.RevisionServiceTests.test_branch_records_lineage_without_mutating_parent) ... ok
test_branch_rejects_changed_parent_image_without_leaving_child (test_revisions.RevisionServiceTests.test_branch_rejects_changed_parent_image_without_leaving_child) ... ok
test_branch_rejects_route_overrides (test_revisions.RevisionServiceTests.test_branch_rejects_route_overrides) ... ok
test_branch_requires_reviewed_successful_parent_round (test_revisions.RevisionServiceTests.test_branch_requires_reviewed_successful_parent_round) ... ok
test_branch_validates_edit_mode_strength_and_round_budget (test_revisions.RevisionServiceTests.test_branch_validates_edit_mode_strength_and_round_budget) ... ok
test_changed_hard_target_requires_registered_dynamic_failure (test_revisions.RevisionServiceTests.test_changed_hard_target_requires_registered_dynamic_failure) ... ok
test_child_review_rejects_non_string_hard_failures_structurally (test_revisions.RevisionServiceTests.test_child_review_rejects_non_string_hard_failures_structurally) ... ok
test_child_review_requires_one_result_per_preserve_target (test_revisions.RevisionServiceTests.test_child_review_requires_one_result_per_preserve_target) ... ok
test_preserved_targets_allow_normal_eligibility (test_revisions.RevisionServiceTests.test_preserved_targets_allow_normal_eligibility) ... ok
test_two_stage_root_and_revision_derive_stage_budget_from_own_round_limit (test_revisions.RevisionServiceTests.test_two_stage_root_and_revision_derive_stage_budget_from_own_round_limit) ... ok
test_uncertain_preservation_cannot_be_accepted_automatically (test_revisions.RevisionServiceTests.test_uncertain_preservation_cannot_be_accepted_automatically) ... ok
test_attempt_acquisition_falls_back_without_losing_ownership (test_run_store.RunStoreTests.test_attempt_acquisition_falls_back_without_losing_ownership) ... ok
test_cleanup_failure_stays_pending_without_claiming_completion (test_run_store.RunStoreTests.test_cleanup_failure_stays_pending_without_claiming_completion) ... ok
test_cleanup_intermediates_keeps_manifest_and_final_file (test_run_store.RunStoreTests.test_cleanup_intermediates_keeps_manifest_and_final_file) ... ok
test_cleanup_invalid_final_reference_does_not_rewrite_manifest (test_run_store.RunStoreTests.test_cleanup_invalid_final_reference_does_not_rewrite_manifest) ... ok
test_cleanup_rejects_final_metadata_without_a_path (test_run_store.RunStoreTests.test_cleanup_rejects_final_metadata_without_a_path) ... ok
test_cleanup_rejects_mismatched_confirmation (test_run_store.RunStoreTests.test_cleanup_rejects_mismatched_confirmation) ... ok
test_cleanup_requires_retained_regular_final_artifact (test_run_store.RunStoreTests.test_cleanup_requires_retained_regular_final_artifact) ... ok
test_corrupt_manifest_is_not_rewritten (test_run_store.RunStoreTests.test_corrupt_manifest_is_not_rewritten) ... ok
test_create_rejects_non_json_values_without_an_orphan_run_directory (test_run_store.RunStoreTests.test_create_rejects_non_json_values_without_an_orphan_run_directory) ... ok
test_create_writes_manifest_under_run_root (test_run_store.RunStoreTests.test_create_writes_manifest_under_run_root) ... ok
test_fallback_pending_metadata_prevents_live_lock_theft (test_run_store.RunStoreTests.test_fallback_pending_metadata_prevents_live_lock_theft) ... ok
test_hashes_file_contents (test_run_store.RunStoreTests.test_hashes_file_contents) ... ok
test_internal_run_directory_alias_cannot_read_or_delete_another_run (test_run_store.RunStoreTests.test_internal_run_directory_alias_cannot_read_or_delete_another_run) ... ok
test_invalid_run_id_is_rejected_before_path_construction (test_run_store.RunStoreTests.test_invalid_run_id_is_rejected_before_path_construction) ... ok
test_loaded_manifest_must_match_requested_run_id (test_run_store.RunStoreTests.test_loaded_manifest_must_match_requested_run_id) ... ok
test_lock_metadata_is_published_atomically (test_run_store.RunStoreTests.test_lock_metadata_is_published_atomically) ... ok
test_outside_root_run_directory_alias_is_rejected (test_run_store.RunStoreTests.test_outside_root_run_directory_alias_is_rejected) ... ok
test_rejects_path_outside_output_root (test_run_store.RunStoreTests.test_rejects_path_outside_output_root) ... ok
test_unexpected_lock_publication_error_is_structured (test_run_store.RunStoreTests.test_unexpected_lock_publication_error_is_structured) ... ok
test_update_falls_back_when_hard_links_are_unsupported (test_run_store.RunStoreTests.test_update_falls_back_when_hard_links_are_unsupported) ... ok
test_update_is_atomic_and_increments_revision (test_run_store.RunStoreTests.test_update_is_atomic_and_increments_revision) ... ok
test_update_reclaims_lock_when_live_pid_has_a_different_process_identity (test_run_store.RunStoreTests.test_update_reclaims_lock_when_live_pid_has_a_different_process_identity) ... ok
test_update_rejects_live_owner_lock_with_matching_process_identity (test_run_store.RunStoreTests.test_update_rejects_live_owner_lock_with_matching_process_identity) ... ok
test_update_rejects_non_json_output_without_replacing_manifest (test_run_store.RunStoreTests.test_update_rejects_non_json_output_without_replacing_manifest) ... ok
test_attempt_and_completed_round_persist_normalized_plan_and_change_summary (test_run_store.RunStoreTransitionTests.test_attempt_and_completed_round_persist_normalized_plan_and_change_summary) ... ok
test_attempt_lock_is_retained_until_completion (test_run_store.RunStoreTransitionTests.test_attempt_lock_is_retained_until_completion) ... ok
test_base_only_partial_blocks_new_generation_and_releases_lock (test_run_store.RunStoreTransitionTests.test_base_only_partial_blocks_new_generation_and_releases_lock) ... ok
test_cleanup_prunes_recovered_attempt_artifacts_without_resuming_them (test_run_store.RunStoreTransitionTests.test_cleanup_prunes_recovered_attempt_artifacts_without_resuming_them) ... ok
test_complete_two_stage_attempt_consumes_two_stages_and_one_round (test_run_store.RunStoreTransitionTests.test_complete_two_stage_attempt_consumes_two_stages_and_one_round) ... ok
test_completed_idempotency_key_returns_existing_round (test_run_store.RunStoreTransitionTests.test_completed_idempotency_key_returns_existing_round) ... ok
test_concurrent_identical_completion_returns_completed_round (test_run_store.RunStoreTransitionTests.test_concurrent_identical_completion_returns_completed_round) ... ok
test_concurrent_identical_start_returns_busy (test_run_store.RunStoreTransitionTests.test_concurrent_identical_start_returns_busy) ... ok
test_consistent_semantic_review_can_finalize_or_refine (test_run_store.RunStoreTransitionTests.test_consistent_semantic_review_can_finalize_or_refine) ... ok
test_custom_round_budget_is_enforced (test_run_store.RunStoreTransitionTests.test_custom_round_budget_is_enforced) ... ok
test_explore_requires_new_seed (test_run_store.RunStoreTransitionTests.test_explore_requires_new_seed) ... ok
test_failed_attempt_does_not_consume_round (test_run_store.RunStoreTransitionTests.test_failed_attempt_does_not_consume_round) ... ok
test_failed_or_uncertain_stage_check_cannot_request_finalization (test_run_store.RunStoreTransitionTests.test_failed_or_uncertain_stage_check_cannot_request_finalization) ... ok
test_failed_or_uncertain_visual_check_rejects_finalize_without_mutation (test_run_store.RunStoreTransitionTests.test_failed_or_uncertain_visual_check_rejects_finalize_without_mutation) ... ok
test_failed_semantic_review_requires_both_hard_failures (test_run_store.RunStoreTransitionTests.test_failed_semantic_review_requires_both_hard_failures) ... ok
test_failed_visual_check_can_request_refine_and_preserves_round_budget (test_run_store.RunStoreTransitionTests.test_failed_visual_check_can_request_refine_and_preserves_round_budget) ... ok
test_finalize_marks_hard_failure_round_for_user_review (test_run_store.RunStoreTransitionTests.test_finalize_marks_hard_failure_round_for_user_review) ... ok
test_finalize_marks_low_critical_score_for_user_review (test_run_store.RunStoreTransitionTests.test_finalize_marks_low_critical_score_for_user_review) ... ok
test_finalize_records_selected_reviewed_round (test_run_store.RunStoreTransitionTests.test_finalize_records_selected_reviewed_round) ... ok
test_finalize_rejects_repeated_selection (test_run_store.RunStoreTransitionTests.test_finalize_rejects_repeated_selection) ... ok
test_finalize_rejects_replacement_selection (test_run_store.RunStoreTransitionTests.test_finalize_rejects_replacement_selection) ... ok
test_finalize_requires_reviewed_round (test_run_store.RunStoreTransitionTests.test_finalize_requires_reviewed_round) ... ok
test_finalized_run_rejects_new_generation_attempt (test_run_store.RunStoreTransitionTests.test_finalized_run_rejects_new_generation_attempt) ... ok
test_foreign_handle_cannot_complete_or_release_attempt (test_run_store.RunStoreTransitionTests.test_foreign_handle_cannot_complete_or_release_attempt) ... ok
test_foreign_handle_is_rejected_before_image_validation (test_run_store.RunStoreTransitionTests.test_foreign_handle_is_rejected_before_image_validation) ... ok
test_historical_two_stage_manifest_without_stage_budget_remains_readable (test_run_store.RunStoreTransitionTests.test_historical_two_stage_manifest_without_stage_budget_remains_readable) ... ok
test_incomplete_live_pid_lock_is_recovered_as_malformed (test_run_store.RunStoreTransitionTests.test_incomplete_live_pid_lock_is_recovered_as_malformed) ... ok
test_incomplete_two_stage_completion_keeps_owned_attempt_and_budget (test_run_store.RunStoreTransitionTests.test_incomplete_two_stage_completion_keeps_owned_attempt_and_budget) ... ok
test_intermediate_cleanup_prunes_nested_stage_and_mask_paths (test_run_store.RunStoreTransitionTests.test_intermediate_cleanup_prunes_nested_stage_and_mask_paths) ... ok
test_interrupted_attempt_with_image_resumes_preview (test_run_store.RunStoreTransitionTests.test_interrupted_attempt_with_image_resumes_preview) ... ok
test_invalid_handle_is_rejected_with_structured_conflict (test_run_store.RunStoreTransitionTests.test_invalid_handle_is_rejected_with_structured_conflict) ... ok
test_invalid_two_stage_budget_does_not_leave_an_orphan_run (test_run_store.RunStoreTransitionTests.test_invalid_two_stage_budget_does_not_leave_an_orphan_run) ... ok
test_legacy_attempt_hash_accepts_an_identical_normalized_retry (test_run_store.RunStoreTransitionTests.test_legacy_attempt_hash_accepts_an_identical_normalized_retry) ... ok
test_live_repeated_key_returns_busy (test_run_store.RunStoreTransitionTests.test_live_repeated_key_returns_busy) ... ok
test_malformed_attempt_lock_is_recovered (test_run_store.RunStoreTransitionTests.test_malformed_attempt_lock_is_recovered) ... ok
test_mark_attempt_image_rejects_hash_mismatch (test_run_store.RunStoreTransitionTests.test_mark_attempt_image_rejects_hash_mismatch) ... ok
test_mark_attempt_image_rejects_missing_file (test_run_store.RunStoreTransitionTests.test_mark_attempt_image_rejects_missing_file) ... ok
test_mark_attempt_image_rejects_path_escaping_run_directory (test_run_store.RunStoreTransitionTests.test_mark_attempt_image_rejects_path_escaping_run_directory) ... ok
test_mark_attempt_image_requires_validated_full_image_metadata (test_run_store.RunStoreTransitionTests.test_mark_attempt_image_requires_validated_full_image_metadata) ... ok
test_mismatched_request_handle_cannot_release_its_attempt_lock (test_run_store.RunStoreTransitionTests.test_mismatched_request_handle_cannot_release_its_attempt_lock) ... ok
test_missing_attempt_lock_is_recovered_with_warning (test_run_store.RunStoreTransitionTests.test_missing_attempt_lock_is_recovered_with_warning) ... ok
test_next_round_requires_review (test_run_store.RunStoreTransitionTests.test_next_round_requires_review) ... ok
test_only_confirmed_two_stage_workflow_receives_stage_budget (test_run_store.RunStoreTransitionTests.test_only_confirmed_two_stage_workflow_receives_stage_budget) ... ok
test_partial_attempt_accepts_each_exact_active_stage_prefix (test_run_store.RunStoreTransitionTests.test_partial_attempt_accepts_each_exact_active_stage_prefix) ... ok
test_partial_attempt_rejects_missing_or_duplicate_stage_artifacts (test_run_store.RunStoreTransitionTests.test_partial_attempt_rejects_missing_or_duplicate_stage_artifacts) ... ok
test_partial_attempt_rejects_replacement_for_active_stage_prefix_atomically (test_run_store.RunStoreTransitionTests.test_partial_attempt_rejects_replacement_for_active_stage_prefix_atomically) ... ok
test_partial_attempt_rejects_wrong_base_seed_atomically (test_run_store.RunStoreTransitionTests.test_partial_attempt_rejects_wrong_base_seed_atomically) ... ok
test_partial_attempt_rejects_wrong_subject_seed_atomically (test_run_store.RunStoreTransitionTests.test_partial_attempt_rejects_wrong_subject_seed_atomically) ... ok
test_published_finalize_rejects_active_attempt_before_publisher (test_run_store.RunStoreTransitionTests.test_published_finalize_rejects_active_attempt_before_publisher) ... ok
test_published_finalize_rejects_earlier_round_when_latest_is_unreviewed (test_run_store.RunStoreTransitionTests.test_published_finalize_rejects_earlier_round_when_latest_is_unreviewed) ... ok
test_published_finalize_repeated_and_concurrent_callers_publish_once (test_run_store.RunStoreTransitionTests.test_published_finalize_repeated_and_concurrent_callers_publish_once) ... ok
test_published_finalize_rolls_back_manifest_write_failure (test_run_store.RunStoreTransitionTests.test_published_finalize_rolls_back_manifest_write_failure) ... ok
test_published_finalize_rolls_back_publisher_failure (test_run_store.RunStoreTransitionTests.test_published_finalize_rolls_back_publisher_failure) ... ok
test_recovery_claims_stale_lock_before_removing_it (test_run_store.RunStoreTransitionTests.test_recovery_claims_stale_lock_before_removing_it) ... ok
test_refine_preserves_seed (test_run_store.RunStoreTransitionTests.test_refine_preserves_seed) ... ok
test_required_failed_constraint_requires_registered_hard_failure (test_run_store.RunStoreTransitionTests.test_required_failed_constraint_requires_registered_hard_failure) ... ok
test_review_requires_exact_rubric_dimensions (test_run_store.RunStoreTransitionTests.test_review_requires_exact_rubric_dimensions) ... ok
test_review_requires_visual_checks_without_manifest_mutation (test_run_store.RunStoreTransitionTests.test_review_requires_visual_checks_without_manifest_mutation) ... ok
test_same_key_with_changed_plan_or_summary_raises_conflict (test_run_store.RunStoreTransitionTests.test_same_key_with_changed_plan_or_summary_raises_conflict) ... ok
test_same_key_with_different_request_hash_raises_conflict (test_run_store.RunStoreTransitionTests.test_same_key_with_different_request_hash_raises_conflict) ... ok
test_semantic_review_requires_exact_anchor_and_substitution_evidence (test_run_store.RunStoreTransitionTests.test_semantic_review_requires_exact_anchor_and_substitution_evidence) ... ok
test_stale_active_attempt_recovers_to_last_stable_state (test_run_store.RunStoreTransitionTests.test_stale_active_attempt_recovers_to_last_stable_state) ... ok
test_stale_attempt_with_submitted_job_remains_recovery_only (test_run_store.RunStoreTransitionTests.test_stale_attempt_with_submitted_job_remains_recovery_only) ... ok
test_stale_handle_cannot_release_a_new_attempt_lock (test_run_store.RunStoreTransitionTests.test_stale_handle_cannot_release_a_new_attempt_lock) ... ok
test_stale_two_stage_artifacts_recover_as_read_only_partial (test_run_store.RunStoreTransitionTests.test_stale_two_stage_artifacts_recover_as_read_only_partial) ... ok
test_standard_review_rejects_stage_checks_and_keeps_old_schema (test_run_store.RunStoreTransitionTests.test_standard_review_rejects_stage_checks_and_keeps_old_schema) ... ok
test_tampered_interrupted_image_does_not_resume_preview (test_run_store.RunStoreTransitionTests.test_tampered_interrupted_image_does_not_resume_preview) ... ok
test_two_retained_stages_consume_two_units_without_a_round (test_run_store.RunStoreTransitionTests.test_two_retained_stages_consume_two_units_without_a_round) ... ok
test_two_stage_finalization_rejects_base_or_mask_as_round_image (test_run_store.RunStoreTransitionTests.test_two_stage_finalization_rejects_base_or_mask_as_round_image) ... ok
test_two_stage_finalize_published_rejects_base_and_mask_metadata (test_run_store.RunStoreTransitionTests.test_two_stage_finalize_published_rejects_base_and_mask_metadata) ... ok
test_two_stage_finalize_round_published_rejects_base_and_mask_results (test_run_store.RunStoreTransitionTests.test_two_stage_finalize_round_published_rejects_base_and_mask_results) ... ok
test_two_stage_review_and_finalization_require_zero_pixel_mismatches (test_run_store.RunStoreTransitionTests.test_two_stage_review_and_finalization_require_zero_pixel_mismatches) ... ok
test_two_stage_review_requires_exact_stage_checks (test_run_store.RunStoreTransitionTests.test_two_stage_review_requires_exact_stage_checks) ... ok
test_uncertain_semantic_review_cannot_finalize (test_run_store.RunStoreTransitionTests.test_uncertain_semantic_review_cannot_finalize) ... ok
test_unknown_submission_outcome_blocks_all_new_submissions (test_run_store.RunStoreTransitionTests.test_unknown_submission_outcome_blocks_all_new_submissions) ... ok
test_build_services_composes_one_shared_runtime_graph (test_runtime_services.RuntimeServicesTests.test_build_services_composes_one_shared_runtime_graph) ... ok
test_build_services_injects_one_shared_file_verification_registry (test_runtime_services.RuntimeServicesTests.test_build_services_injects_one_shared_file_verification_registry) ... ok
test_build_services_wires_workflow_onboarding_to_shared_dependencies (test_runtime_services.RuntimeServicesTests.test_build_services_wires_workflow_onboarding_to_shared_dependencies) ... ok
test_fresh_process_restores_exact_file_before_workflow_trust_inspection (test_runtime_services.RuntimeServicesTests.test_fresh_process_restores_exact_file_before_workflow_trust_inspection) ... ok
test_agent_geometry_requires_explicit_overlay_confirmation (test_skill_contract.SkillContractTests.test_agent_geometry_requires_explicit_overlay_confirmation) ... ok
test_codex_first_runner_has_three_first_use_decisions_and_exact_revalidation (test_skill_contract.SkillContractTests.test_codex_first_runner_has_three_first_use_decisions_and_exact_revalidation) ... ok
test_codex_first_runner_preserves_defaults_except_explicit_overrides (test_skill_contract.SkillContractTests.test_codex_first_runner_preserves_defaults_except_explicit_overrides) ... ok
test_cold_start_and_inventory_errors_have_exact_recovery_actions (test_skill_contract.SkillContractTests.test_cold_start_and_inventory_errors_have_exact_recovery_actions) ... ok
test_confirmation_gate_enforces_post_display_temporal_order (test_skill_contract.SkillContractTests.test_confirmation_gate_enforces_post_display_temporal_order) ... ok
test_confirmation_gate_rejects_permissive_or_reordered_mutations (test_skill_contract.SkillContractTests.test_confirmation_gate_rejects_permissive_or_reordered_mutations) ... ok
test_confirmation_resolves_the_exact_model_and_round_cap (test_skill_contract.SkillContractTests.test_confirmation_resolves_the_exact_model_and_round_cap) ... ok
test_distinguishes_vision_and_text_only_hosts (test_skill_contract.SkillContractTests.test_distinguishes_vision_and_text_only_hosts) ... ok
test_documents_the_exact_high_level_run_sequence (test_skill_contract.SkillContractTests.test_documents_the_exact_high_level_run_sequence) ... ok
test_extracts_known_values_and_only_asks_for_missing_high_impact_boundaries (test_skill_contract.SkillContractTests.test_extracts_known_values_and_only_asks_for_missing_high_impact_boundaries) ... ok
test_forbids_hidden_downloads_chain_of_thought_and_unsupported_revision_claims (test_skill_contract.SkillContractTests.test_forbids_hidden_downloads_chain_of_thought_and_unsupported_revision_claims) ... ok
test_fresh_process_route_recovery_uses_authorized_exact_file_revalidation (test_skill_contract.SkillContractTests.test_fresh_process_route_recovery_uses_authorized_exact_file_revalidation) ... ok
test_generation_round_reconstructs_the_complete_frozen_plan_from_the_persisted_run (test_skill_contract.SkillContractTests.test_generation_round_reconstructs_the_complete_frozen_plan_from_the_persisted_run) ... ok
test_guided_bootstrap_requires_a_later_confirmation_and_fresh_discovery (test_skill_contract.SkillContractTests.test_guided_bootstrap_requires_a_later_confirmation_and_fresh_discovery) ... ok
test_hot_revision_requires_auditable_preserve_change_contract (test_skill_contract.SkillContractTests.test_hot_revision_requires_auditable_preserve_change_contract) ... ok
test_plugin_discovery_describes_only_model_free_visual_asset_behavior (test_skill_contract.SkillContractTests.test_plugin_discovery_describes_only_model_free_visual_asset_behavior) ... ok
test_plugin_discovery_rejects_equivalent_claims_in_any_string_field (test_skill_contract.SkillContractTests.test_plugin_discovery_rejects_equivalent_claims_in_any_string_field) ... ok
test_plugin_discovery_rejects_low_level_edit_scope_in_any_user_facing_field (test_skill_contract.SkillContractTests.test_plugin_discovery_rejects_low_level_edit_scope_in_any_user_facing_field) ... ok
test_regional_route_requires_displayed_geometry_conditioning_and_later_confirmation (test_skill_contract.SkillContractTests.test_regional_route_requires_displayed_geometry_conditioning_and_later_confirmation) ... ok
test_regional_skill_forbids_prompt_only_fallback_and_geometry_hot_mutation (test_skill_contract.SkillContractTests.test_regional_skill_forbids_prompt_only_fallback_and_geometry_hot_mutation) ... ok
test_requires_an_enabled_approved_non_empty_catalog_model (test_skill_contract.SkillContractTests.test_requires_an_enabled_approved_non_empty_catalog_model) ... ok
test_requires_complete_brief_confirmation_before_start (test_skill_contract.SkillContractTests.test_requires_complete_brief_confirmation_before_start) ... ok
test_requires_route_resolution_before_post_display_confirmation (test_skill_contract.SkillContractTests.test_requires_route_resolution_before_post_display_confirmation) ... ok
test_revision_review_records_preservation_results_without_inventing_vision (test_skill_contract.SkillContractTests.test_revision_review_records_preservation_results_without_inventing_vision) ... ok
test_revision_uses_least_destructive_supported_mode (test_skill_contract.SkillContractTests.test_revision_uses_least_destructive_supported_mode) ... ok
test_round_loop_preserves_budget_seed_and_intent (test_skill_contract.SkillContractTests.test_round_loop_preserves_budget_seed_and_intent) ... ok
test_safe_workflow_onboarding_requires_later_digest_bound_confirmation (test_skill_contract.SkillContractTests.test_safe_workflow_onboarding_requires_later_digest_bound_confirmation) ... ok
test_semantic_review_precedes_polish_and_requires_per_anchor_evidence (test_skill_contract.SkillContractTests.test_semantic_review_precedes_polish_and_requires_per_anchor_evidence) ... ok
test_single_pass_route_is_only_negative_evidence_and_never_substitutes_for_two_stage (test_skill_contract.SkillContractTests.test_single_pass_route_is_only_negative_evidence_and_never_substitutes_for_two_stage) ... ok
test_skill_active_release_uses_shared_version_scanner (test_skill_contract.SkillContractTests.test_skill_active_release_uses_shared_version_scanner) ... ok
test_text_only_branch_rejects_missing_or_contradictory_prohibitions (test_skill_contract.SkillContractTests.test_text_only_branch_rejects_missing_or_contradictory_prohibitions) ... ok
test_two_stage_route_teaches_exact_confirmation_generation_and_review_contract (test_skill_contract.SkillContractTests.test_two_stage_route_teaches_exact_confirmation_generation_and_review_contract) ... ok
test_ui_hero_requires_semantic_anchors_before_prompting_and_start (test_skill_contract.SkillContractTests.test_ui_hero_requires_semantic_anchors_before_prompting_and_start) ... ok
test_visual_acceptance_rejects_same_turn_and_self_acceptance_mutations (test_skill_contract.SkillContractTests.test_visual_acceptance_rejects_same_turn_and_self_acceptance_mutations) ... ok
test_visual_acceptance_requires_a_later_user_turn (test_skill_contract.SkillContractTests.test_visual_acceptance_requires_a_later_user_turn) ... ok
test_social_preview_copy_names_product_clients_and_backends (test_social_preview.SocialPreviewTests.test_social_preview_copy_names_product_clients_and_backends) ... ok
test_social_preview_is_bound_to_validated_public_image (test_social_preview.SocialPreviewTests.test_social_preview_is_bound_to_validated_public_image) ... ok
test_social_preview_rejects_html_drift_after_render (test_social_preview.SocialPreviewTests.test_social_preview_rejects_html_drift_after_render) ... ok
test_every_tool_name_is_unique (test_tool_schema_contract.ToolDispatchRegistryTest.test_every_tool_name_is_unique) ... ok
test_tool_count_is_the_published_seventeen (test_tool_schema_contract.ToolDispatchRegistryTest.test_tool_count_is_the_published_seventeen) ... ok
test_every_tool_has_a_description (test_tool_schema_contract.ToolSchemaDescriptionCoverageTest.test_every_tool_has_a_description) ... ok
test_every_top_level_parameter_has_a_description (test_tool_schema_contract.ToolSchemaDescriptionCoverageTest.test_every_top_level_parameter_has_a_description) ... ok
test_nested_object_parameters_have_descriptions (test_tool_schema_contract.ToolSchemaDescriptionCoverageTest.test_nested_object_parameters_have_descriptions) ... ok
test_documented_bounds_are_enforced (test_tool_schema_contract.ToolSchemaEnforcementParityTest.test_documented_bounds_are_enforced) ... ok
test_generate_image_accepts_width_divisible_by_eight (test_tool_schema_contract.ToolSchemaEnforcementParityTest.test_generate_image_accepts_width_divisible_by_eight) ... ok
test_generate_image_rejects_width_not_divisible_by_eight (test_tool_schema_contract.ToolSchemaEnforcementParityTest.test_generate_image_rejects_width_not_divisible_by_eight) ... ok
test_multiple_of_is_enforced_wherever_it_is_documented (test_tool_schema_contract.ToolSchemaEnforcementParityTest.test_multiple_of_is_enforced_wherever_it_is_documented) ... ok
test_ambiguous_revoke_requires_exact_catalog_id (test_trust_registry.TrustRegistryTests.test_ambiguous_revoke_requires_exact_catalog_id) ... ok
test_atomic_replace_failure_preserves_existing_registry (test_trust_registry.TrustRegistryTests.test_atomic_replace_failure_preserves_existing_registry) ... ok
test_backend_binding_can_never_be_public_candidate (test_trust_registry.TrustRegistryTests.test_backend_binding_can_never_be_public_candidate) ... ok
test_binding_and_bundle_workflow_ids_must_match_in_both_directions (test_trust_registry.TrustRegistryTests.test_binding_and_bundle_workflow_ids_must_match_in_both_directions) ... ok
test_bundle_digest_is_part_of_exact_approval_confirmation (test_trust_registry.TrustRegistryTests.test_bundle_digest_is_part_of_exact_approval_confirmation) ... ok
test_bundle_reapproval_preserves_only_the_exact_pairs_evidence (test_trust_registry.TrustRegistryTests.test_bundle_reapproval_preserves_only_the_exact_pairs_evidence) ... ok
test_catalog_id_collision_fails_without_replacing_existing_pair (test_trust_registry.TrustRegistryTests.test_catalog_id_collision_fails_without_replacing_existing_pair) ... ok
test_corrupt_registry_fails_closed_without_overwriting_state (test_trust_registry.TrustRegistryTests.test_corrupt_registry_fails_closed_without_overwriting_state) ... ok
test_existing_workflow_variants_reject_control_without_shape_drift (test_trust_registry.TrustRegistryTests.test_existing_workflow_variants_reject_control_without_shape_drift) ... ok
test_observation_is_deduplicated_and_requires_trust (test_trust_registry.TrustRegistryTests.test_observation_is_deduplicated_and_requires_trust) ... ok
test_private_approval_requires_exact_confirmation_and_is_atomic (test_trust_registry.TrustRegistryTests.test_private_approval_requires_exact_confirmation_and_is_atomic) ... ok
test_public_candidate_requires_crypto_source_license_and_redistribution (test_trust_registry.TrustRegistryTests.test_public_candidate_requires_crypto_source_license_and_redistribution) ... ok
test_public_comfyui_candidate_requires_complete_component_authority (test_trust_registry.TrustRegistryTests.test_public_comfyui_candidate_requires_complete_component_authority) ... ok
test_reapproval_replaces_same_identity_without_duplicates (test_trust_registry.TrustRegistryTests.test_reapproval_replaces_same_identity_without_duplicates) ... ok
test_rejects_credentials_recursively_before_writing (test_trust_registry.TrustRegistryTests.test_rejects_credentials_recursively_before_writing) ... ok
test_revoke_requires_exact_identity_confirmation (test_trust_registry.TrustRegistryTests.test_revoke_requires_exact_identity_confirmation) ... ok
test_same_identity_can_keep_legacy_and_add_new_bundle_variant (test_trust_registry.TrustRegistryTests.test_same_identity_can_keep_legacy_and_add_new_bundle_variant) ... ok
test_semantically_corrupt_registry_cannot_inject_credentials_or_evidence (test_trust_registry.TrustRegistryTests.test_semantically_corrupt_registry_cannot_inject_credentials_or_evidence) ... ok
test_state_dir_override_is_exact_and_does_not_create_it (test_trust_registry.TrustRegistryTests.test_state_dir_override_is_exact_and_does_not_create_it) ... ok
test_stored_binding_and_bundle_workflow_ids_must_match_in_both_directions (test_trust_registry.TrustRegistryTests.test_stored_binding_and_bundle_workflow_ids_must_match_in_both_directions) ... ok
test_two_stage_confirmation_binds_control_digest (test_trust_registry.TrustRegistryTests.test_two_stage_confirmation_binds_control_digest) ... ok
test_two_stage_variant_requires_exact_control_binding (test_trust_registry.TrustRegistryTests.test_two_stage_variant_requires_exact_control_binding) ... ok
test_unique_revoke_can_resolve_omitted_catalog_id (test_trust_registry.TrustRegistryTests.test_unique_revoke_can_resolve_omitted_catalog_id) ... ok
test_wrong_confirmation_does_not_create_state (test_trust_registry.TrustRegistryTests.test_wrong_confirmation_does_not_create_state) ... ok
test_approved_contract_is_normalized_and_deep_copied (test_two_stage_layout.TwoStageLayoutTests.test_approved_contract_is_normalized_and_deep_copied) ... ok
test_conditioning_trims_prompts_and_rejects_unknown_fields_or_denoise_bounds (test_two_stage_layout.TwoStageLayoutTests.test_conditioning_trims_prompts_and_rejects_unknown_fields_or_denoise_bounds) ... ok
test_control_digest_has_golden_identity_and_rejects_or_changes_every_input (test_two_stage_layout.TwoStageLayoutTests.test_control_digest_has_golden_identity_and_rejects_or_changes_every_input) ... ok
test_every_live_node_rejects_required_input_signature_mutations (test_two_stage_layout.TwoStageLayoutTests.test_every_live_node_rejects_required_input_signature_mutations) ... ok
test_geometry_rejects_float_bool_alignment_overlap_and_margin_failures (test_two_stage_layout.TwoStageLayoutTests.test_geometry_rejects_float_bool_alignment_overlap_and_margin_failures) ... ok
test_live_node_signatures_require_exact_required_types_and_mask_add (test_two_stage_layout.TwoStageLayoutTests.test_live_node_signatures_require_exact_required_types_and_mask_add) ... ok
test_subject_seed_wraps_exactly_and_control_digest_is_stable (test_two_stage_layout.TwoStageLayoutTests.test_subject_seed_wraps_exactly_and_control_digest_is_stable) ... ok
test_catalog_to_review_lifecycle_exposes_only_the_final_candidate (test_two_stage_vertical_slice.TwoStageVerticalSliceTests.test_catalog_to_review_lifecycle_exposes_only_the_final_candidate) ... ok
test_one_protected_pixel_mutation_stops_partial_without_a_candidate (test_two_stage_vertical_slice.TwoStageVerticalSliceTests.test_one_protected_pixel_mutation_stops_partial_without_a_candidate) ... ok
test_accepts_complete_real_matrix (test_validate_acceptance_evidence.AcceptanceEvidenceTests.test_accepts_complete_real_matrix) ... ok
test_accepts_exact_two_stage_package (test_validate_acceptance_evidence.AcceptanceEvidenceTests.test_accepts_exact_two_stage_package) ... ok
test_accepts_two_stage_package_with_every_round_bound (test_validate_acceptance_evidence.AcceptanceEvidenceTests.test_accepts_two_stage_package_with_every_round_bound) ... ok
test_comfyui_authority_and_route_bind_exact_component_bundle (test_validate_acceptance_evidence.AcceptanceEvidenceTests.test_comfyui_authority_and_route_bind_exact_component_bundle) ... ok
test_every_two_stage_round_requires_exactly_one_structural_stage_review (test_validate_acceptance_evidence.AcceptanceEvidenceTests.test_every_two_stage_round_requires_exactly_one_structural_stage_review) ... ok
test_mcp_final_cannot_substitute_base_or_mask (test_validate_acceptance_evidence.AcceptanceEvidenceTests.test_mcp_final_cannot_substitute_base_or_mask) ... ok
test_nested_untrusted_route_component_bundle_cannot_use_public_exception (test_validate_acceptance_evidence.AcceptanceEvidenceTests.test_nested_untrusted_route_component_bundle_cannot_use_public_exception) ... ok
test_non_strict_empty_repository_is_valid_but_not_release_ready (test_validate_acceptance_evidence.AcceptanceEvidenceTests.test_non_strict_empty_repository_is_valid_but_not_release_ready) ... ok
test_private_backend_model_id_exception_is_limited_to_public_route_bundle (test_validate_acceptance_evidence.AcceptanceEvidenceTests.test_private_backend_model_id_exception_is_limited_to_public_route_bundle) ... ok
test_rejects_absolute_publishable_path (test_validate_acceptance_evidence.AcceptanceEvidenceTests.test_rejects_absolute_publishable_path) ... ok
test_rejects_changed_parent_hash_in_revision (test_validate_acceptance_evidence.AcceptanceEvidenceTests.test_rejects_changed_parent_hash_in_revision) ... ok
test_rejects_consistent_nonzero_pixel_report_on_unselected_round (test_validate_acceptance_evidence.AcceptanceEvidenceTests.test_rejects_consistent_nonzero_pixel_report_on_unselected_round) ... ok
test_rejects_mock_marker (test_validate_acceptance_evidence.AcceptanceEvidenceTests.test_rejects_mock_marker) ... ok
test_rejects_private_endpoint_fields_in_exported_manifest (test_validate_acceptance_evidence.AcceptanceEvidenceTests.test_rejects_private_endpoint_fields_in_exported_manifest) ... ok
test_rejects_route_that_does_not_match_acceptance_authority (test_validate_acceptance_evidence.AcceptanceEvidenceTests.test_rejects_route_that_does_not_match_acceptance_authority) ... ok
test_rejects_tampered_unselected_two_stage_artifact (test_validate_acceptance_evidence.AcceptanceEvidenceTests.test_rejects_tampered_unselected_two_stage_artifact) ... ok
test_rejects_unapproved_authority_as_active_authority (test_validate_acceptance_evidence.AcceptanceEvidenceTests.test_rejects_unapproved_authority_as_active_authority) ... ok
test_repository_authority_pins_approved_sdxl_comfyui_bundle (test_validate_acceptance_evidence.AcceptanceEvidenceTests.test_repository_authority_pins_approved_sdxl_comfyui_bundle) ... ok
test_run_evidence_schema_defines_exact_optional_two_stage_object (test_validate_acceptance_evidence.AcceptanceEvidenceTests.test_run_evidence_schema_defines_exact_optional_two_stage_object) ... ok
test_standard_package_rejects_two_stage_evidence_object (test_validate_acceptance_evidence.AcceptanceEvidenceTests.test_standard_package_rejects_two_stage_evidence_object) ... ok
test_strict_requires_all_revision_evidence (test_validate_acceptance_evidence.AcceptanceEvidenceTests.test_strict_requires_all_revision_evidence) ... ok
test_two_stage_validator_binds_each_round_to_route_component_bundle (test_validate_acceptance_evidence.AcceptanceEvidenceTests.test_two_stage_validator_binds_each_round_to_route_component_bundle) ... ok
test_two_stage_validator_never_accepts_base_or_mask_as_final_image (test_validate_acceptance_evidence.AcceptanceEvidenceTests.test_two_stage_validator_never_accepts_base_or_mask_as_final_image) ... ok
test_two_stage_validator_recomputes_control_digest (test_validate_acceptance_evidence.AcceptanceEvidenceTests.test_two_stage_validator_recomputes_control_digest) ... ok
test_two_stage_validator_recomputes_subject_seed (test_validate_acceptance_evidence.AcceptanceEvidenceTests.test_two_stage_validator_recomputes_subject_seed) ... ok
test_two_stage_validator_rejects_mask_leak_with_matching_changed_hash (test_validate_acceptance_evidence.AcceptanceEvidenceTests.test_two_stage_validator_rejects_mask_leak_with_matching_changed_hash) ... ok
test_two_stage_validator_rejects_missing_extra_and_changed_stage_files (test_validate_acceptance_evidence.AcceptanceEvidenceTests.test_two_stage_validator_rejects_missing_extra_and_changed_stage_files) ... ok
test_two_stage_validator_rejects_nonzero_or_inconsistent_pixel_report (test_validate_acceptance_evidence.AcceptanceEvidenceTests.test_two_stage_validator_rejects_nonzero_or_inconsistent_pixel_report) ... ok
test_two_stage_validator_rejects_partial_and_outside_stage_references (test_validate_acceptance_evidence.AcceptanceEvidenceTests.test_two_stage_validator_rejects_partial_and_outside_stage_references) ... ok
test_validator_rejects_two_stage_manifest_with_standard_route (test_validate_acceptance_evidence.AcceptanceEvidenceTests.test_validator_rejects_two_stage_manifest_with_standard_route) ... ok
test_accepts_golden_generation_with_exact_observable_result (test_validate_client_sessions.ClientSessionEvidenceTests.test_accepts_golden_generation_with_exact_observable_result) ... ok
test_accepts_golden_generation_without_redundant_health_check (test_validate_client_sessions.ClientSessionEvidenceTests.test_accepts_golden_generation_without_redundant_health_check) ... ok
test_accepts_real_installed_named_client_calls (test_validate_client_sessions.ClientSessionEvidenceTests.test_accepts_real_installed_named_client_calls) ... ok
test_accepts_workflow_onboarding_zero_gpu_sequence (test_validate_client_sessions.ClientSessionEvidenceTests.test_accepts_workflow_onboarding_zero_gpu_sequence) ... ok
test_cli_validates_multiple_documents_as_json (test_validate_client_sessions.ClientSessionEvidenceTests.test_cli_validates_multiple_documents_as_json) ... ok
test_rejects_bad_sequence_time_and_required_tool_coverage (test_validate_client_sessions.ClientSessionEvidenceTests.test_rejects_bad_sequence_time_and_required_tool_coverage) ... ok
test_rejects_config_only_source_checkout_and_version_mismatch (test_validate_client_sessions.ClientSessionEvidenceTests.test_rejects_config_only_source_checkout_and_version_mismatch) ... ok
test_rejects_invalid_golden_generation_result (test_validate_client_sessions.ClientSessionEvidenceTests.test_rejects_invalid_golden_generation_result) ... ok
test_rejects_invalid_purpose_and_missing_golden_generation_calls (test_validate_client_sessions.ClientSessionEvidenceTests.test_rejects_invalid_purpose_and_missing_golden_generation_calls) ... ok
test_rejects_private_values_and_unhashed_results (test_validate_client_sessions.ClientSessionEvidenceTests.test_rejects_private_values_and_unhashed_results) ... ok
test_rejects_workflow_onboarding_drifted_hashes_and_trust_identity (test_validate_client_sessions.ClientSessionEvidenceTests.test_rejects_workflow_onboarding_drifted_hashes_and_trust_identity) ... ok
test_rejects_workflow_onboarding_reordered_or_generation_sequence (test_validate_client_sessions.ClientSessionEvidenceTests.test_rejects_workflow_onboarding_reordered_or_generation_sequence) ... ok
test_rejects_wrong_session_mode_unknown_fields_and_false_sanitization (test_validate_client_sessions.ClientSessionEvidenceTests.test_rejects_wrong_session_mode_unknown_fields_and_false_sanitization) ... ok
test_release_set_rejects_mixed_server_versions (test_validate_client_sessions.ClientSessionEvidenceTests.test_release_set_rejects_mixed_server_versions) ... ok
test_release_set_requires_exact_named_clients_and_one_golden_session (test_validate_client_sessions.ClientSessionEvidenceTests.test_release_set_requires_exact_named_clients_and_one_golden_session) ... ok
test_schema_is_closed_and_pins_the_public_shape (test_validate_client_sessions.ClientSessionEvidenceTests.test_schema_is_closed_and_pins_the_public_shape) ... ok
test_cli_returns_machine_readable_success (test_validate_real_demo.ValidateRealDemoTests.test_cli_returns_machine_readable_success) ... ok
test_rejects_changed_public_mcp_and_sanitized_manifest_bytes (test_validate_real_demo.ValidateRealDemoTests.test_rejects_changed_public_mcp_and_sanitized_manifest_bytes) ... ok
test_rejects_extra_files_failed_review_client_digest_and_limitations (test_validate_real_demo.ValidateRealDemoTests.test_rejects_extra_files_failed_review_client_digest_and_limitations) ... ok
test_rejects_failed_semantic_anchor_in_public_review (test_validate_real_demo.ValidateRealDemoTests.test_rejects_failed_semantic_anchor_in_public_review) ... ok
test_rejects_non_jpeg_preview_even_when_manifest_hash_matches (test_validate_real_demo.ValidateRealDemoTests.test_rejects_non_jpeg_preview_even_when_manifest_hash_matches) ... ok
test_rejects_semantically_invalid_or_private_review (test_validate_real_demo.ValidateRealDemoTests.test_rejects_semantically_invalid_or_private_review) ... ok
test_rejects_simulation_private_values_and_changed_image_bytes (test_validate_real_demo.ValidateRealDemoTests.test_rejects_simulation_private_values_and_changed_image_bytes) ... ok
test_rejects_symlinked_showcase_manifest (test_validate_real_demo.ValidateRealDemoTests.test_rejects_symlinked_showcase_manifest) ... ok
test_rejects_version_mcp_generation_finalization_and_route_drift (test_validate_real_demo.ValidateRealDemoTests.test_rejects_version_mcp_generation_finalization_and_route_drift) ... ok
test_retained_v070_demo_validates_only_with_explicit_historical_version (test_validate_real_demo.ValidateRealDemoTests.test_retained_v070_demo_validates_only_with_explicit_historical_version) ... ok
test_schema_is_closed_and_pins_finalized_ordinary_output (test_validate_real_demo.ValidateRealDemoTests.test_schema_is_closed_and_pins_finalized_ordinary_output) ... ok
test_valid_real_demo_binds_route_generation_final_and_every_artifact (test_validate_real_demo.ValidateRealDemoTests.test_valid_real_demo_binds_route_generation_final_and_every_artifact) ... ok
test_validator_rejects_generation_dimension_drift (test_validate_real_demo.ValidateRealDemoTests.test_validator_rejects_generation_dimension_drift) ... ok
test_cli_keeps_validation_of_malformed_hashes_and_missing_python_in_validator (test_validate_release_candidate.ValidateReleaseCandidateCliTests.test_cli_keeps_validation_of_malformed_hashes_and_missing_python_in_validator) ... ok
test_cli_preserves_existing_report_when_write_fails (test_validate_release_candidate.ValidateReleaseCandidateCliTests.test_cli_preserves_existing_report_when_write_fails) ... ok
test_cli_removes_report_after_post_commit_parent_check_failure (test_validate_release_candidate.ValidateReleaseCandidateCliTests.test_cli_removes_report_after_post_commit_parent_check_failure) ... ok
test_cli_reports_bounded_cleanup_failure_code (test_validate_release_candidate.ValidateReleaseCandidateCliTests.test_cli_reports_bounded_cleanup_failure_code) ... ok
test_cli_returns_bounded_blocked_json_without_traceback (test_validate_release_candidate.ValidateReleaseCandidateCliTests.test_cli_returns_bounded_blocked_json_without_traceback) ... ok
test_cli_returns_zero_and_identical_stdout_and_report_for_pass (test_validate_release_candidate.ValidateReleaseCandidateCliTests.test_cli_returns_zero_and_identical_stdout_and_report_for_pass) ... FAIL
test_cli_stdout_matches_report_after_commit_then_raise (test_validate_release_candidate.ValidateReleaseCandidateCliTests.test_cli_stdout_matches_report_after_commit_then_raise) ... FAIL
test_unknown_arguments_remain_argparse_exit_two (test_validate_release_candidate.ValidateReleaseCandidateCliTests.test_unknown_arguments_remain_argparse_exit_two) ... usage: validate_release_candidate.py [-h] --wheel WHEEL
                                     --expected-commit EXPECTED_COMMIT
                                     --expected-wheel-sha256 EXPECTED_WHEEL_SHA256
                                     --python PYTHON [--report REPORT]
validate_release_candidate.py: error: unrecognized arguments: --unknown
ok
test_baseline_after_five_minutes_is_degraded_but_usable (test_validate_star_campaign.StarCampaignValidationTests.test_baseline_after_five_minutes_is_degraded_but_usable) ... ok
test_cli_returns_zero_for_incomplete_valid_history_and_nonzero_for_tamper (test_validate_star_campaign.StarCampaignValidationTests.test_cli_returns_zero_for_incomplete_valid_history_and_nonzero_for_tamper) ... ok
test_correction_must_supersede_current_effective_same_phase_event (test_validate_star_campaign.StarCampaignValidationTests.test_correction_must_supersede_current_effective_same_phase_event) ... ok
test_early_and_late_t30_are_retained_but_incomplete (test_validate_star_campaign.StarCampaignValidationTests.test_early_and_late_t30_are_retained_but_incomplete) ... ok
test_empty_valid_campaign_is_measurement_incomplete (test_validate_star_campaign.StarCampaignValidationTests.test_empty_valid_campaign_is_measurement_incomplete) ... ok
test_failed_observation_is_valid_history_but_not_a_count (test_validate_star_campaign.StarCampaignValidationTests.test_failed_observation_is_valid_history_but_not_a_count) ... ok
test_rejects_tamper_noncanonical_line_broken_hash_and_bad_sequence (test_validate_star_campaign.StarCampaignValidationTests.test_rejects_tamper_noncanonical_line_broken_hash_and_bad_sequence) ... ok
test_rejects_unknown_fields_identity_keys_bad_campaign_policy_and_path (test_validate_star_campaign.StarCampaignValidationTests.test_rejects_unknown_fields_identity_keys_bad_campaign_policy_and_path) ... ok
test_reports_goal_met_and_goal_missed_for_non_monotonic_counts (test_validate_star_campaign.StarCampaignValidationTests.test_reports_goal_met_and_goal_missed_for_non_monotonic_counts) ... ok
test_schema_documents_are_closed_and_parse_as_strict_json (test_validate_star_campaign.StarCampaignValidationTests.test_schema_documents_are_closed_and_parse_as_strict_json) ... ok
test_strict_loaders_reject_ambiguous_or_noncanonical_json (test_validate_star_campaign.StarCampaignValidationTests.test_strict_loaders_reject_ambiguous_or_noncanonical_json) ... ok
test_tracked_campaigns_validate (test_validate_star_campaign.StarCampaignValidationTests.test_tracked_campaigns_validate) ... ok
test_default_contract_is_exactly_seventeen_tools (test_verify_mcp.VerifyMcpTests.test_default_contract_is_exactly_seventeen_tools) ... ok
test_missing_python_returns_json_error_without_traceback (test_verify_mcp.VerifyMcpTests.test_missing_python_returns_json_error_without_traceback) ... ok
test_readiness_request_is_optional (test_verify_mcp.VerifyMcpTests.test_readiness_request_is_optional) ... ok
test_verify_accepts_optional_exact_tool_contract (test_verify_mcp.VerifyMcpTests.test_verify_accepts_optional_exact_tool_contract) ... ok
test_verify_script_launches_server_and_checks_contract (test_verify_mcp.VerifyMcpTests.test_verify_script_launches_server_and_checks_contract) ... ok
test_candidate_binds_run_round_and_retained_sha256 (test_visual_review.VisualReviewTests.test_candidate_binds_run_round_and_retained_sha256) ... ok
test_candidate_requires_finalize_action_and_all_other_eligibility_rules (test_visual_review.VisualReviewTests.test_candidate_requires_finalize_action_and_all_other_eligibility_rules) ... ok
test_fail_and_uncertain_are_fail_closed (test_visual_review.VisualReviewTests.test_fail_and_uncertain_are_fail_closed) ... ok
test_human_anatomy_cannot_be_not_applicable (test_visual_review.VisualReviewTests.test_human_anatomy_cannot_be_not_applicable) ... ok
test_missing_legacy_checks_fail_closed (test_visual_review.VisualReviewTests.test_missing_legacy_checks_fail_closed) ... ok
test_non_human_anatomy_must_be_not_applicable (test_visual_review.VisualReviewTests.test_non_human_anatomy_must_be_not_applicable) ... ok
test_non_human_passes_with_explicit_anatomy_not_applicable (test_visual_review.VisualReviewTests.test_non_human_passes_with_explicit_anatomy_not_applicable) ... ok
test_text_and_watermarks_cannot_be_not_applicable (test_visual_review.VisualReviewTests.test_text_and_watermarks_cannot_be_not_applicable) ... ok
test_two_stage_eligibility_requires_every_stage_check_to_pass (test_visual_review.VisualReviewTests.test_two_stage_eligibility_requires_every_stage_check_to_pass) ... ok
test_two_stage_eligibility_requires_recorded_zero_pixel_mismatches (test_visual_review.VisualReviewTests.test_two_stage_eligibility_requires_recorded_zero_pixel_mismatches) ... ok
test_visual_checks_reject_unknown_status_empty_observation_and_extra_field (test_visual_review.VisualReviewTests.test_visual_checks_reject_unknown_status_empty_observation_and_extra_field) ... ok
test_visual_checks_require_exact_fields_and_full_resolution_true (test_visual_review.VisualReviewTests.test_visual_checks_require_exact_fields_and_full_resolution_true) ... ok
test_wrong_confirmation_is_rejected (test_visual_review.VisualReviewTests.test_wrong_confirmation_is_rejected) ... ok
test_discovery_reports_full_hash_without_switching_or_leaking_filename (test_webui_adapter.WebUIAdapterTests.test_discovery_reports_full_hash_without_switching_or_leaking_filename) ... ok
test_each_mode_maps_source_mask_and_strength_exactly (test_webui_adapter.WebUIAdapterTests.test_each_mode_maps_source_mask_and_strength_exactly) ... ok
test_generation_uses_exact_checkpoint_and_returns_normalized_identity (test_webui_adapter.WebUIAdapterTests.test_generation_uses_exact_checkpoint_and_returns_normalized_identity) ... ok
test_invalid_image_or_reported_model_does_not_write_output (test_webui_adapter.WebUIAdapterTests.test_invalid_image_or_reported_model_does_not_write_output) ... ok
test_missing_or_changed_confirmed_model_fails_before_post (test_webui_adapter.WebUIAdapterTests.test_missing_or_changed_confirmed_model_fails_before_post) ... ok
test_probe_reports_backend_version_and_frozen_endpoint (test_webui_adapter.WebUIAdapterTests.test_probe_reports_backend_version_and_frozen_endpoint) ... ok
test_short_backend_hash_remains_private_backend_binding (test_webui_adapter.WebUIAdapterTests.test_short_backend_hash_remains_private_backend_binding) ... ok
test_unset_seed_retains_backend_selected_integer (test_webui_adapter.WebUIAdapterTests.test_unset_seed_retains_backend_selected_integer) ... ok
test_webui_job_control_is_explicitly_unsupported (test_webui_adapter.WebUIAdapterTests.test_webui_job_control_is_explicitly_unsupported) ... ok
test_disconnected_or_cross_wired_execution_path_is_rejected (test_workflow_onboarding.WorkflowBindingInferenceTests.test_disconnected_or_cross_wired_execution_path_is_rejected) ... ok
test_duplicate_semantic_roles_fail_closed (test_workflow_onboarding.WorkflowBindingInferenceTests.test_duplicate_semantic_roles_fail_closed) ... ok
test_img2img_inpaint_regional_and_two_stage_are_not_candidates (test_workflow_onboarding.WorkflowBindingInferenceTests.test_img2img_inpaint_regional_and_two_stage_are_not_candidates) ... ok
test_infers_single_checkpoint_and_passes_authoritative_validator (test_workflow_onboarding.WorkflowBindingInferenceTests.test_infers_single_checkpoint_and_passes_authoritative_validator) ... ok
test_infers_split_model_after_node_and_key_randomization (test_workflow_onboarding.WorkflowBindingInferenceTests.test_infers_split_model_after_node_and_key_randomization) ... ok
test_bare_graph_and_prompt_wrapper_share_semantic_hash_but_not_source_hash (test_workflow_onboarding.WorkflowOnboardingTests.test_bare_graph_and_prompt_wrapper_share_semantic_hash_but_not_source_hash) ... ok
test_confirmed_registration_is_immutable_and_idempotent (test_workflow_onboarding.WorkflowOnboardingTests.test_confirmed_registration_is_immutable_and_idempotent) ... ok
test_duplicate_or_cross_endpoint_inventory_never_emits_confirmation (test_workflow_onboarding.WorkflowOnboardingTests.test_duplicate_or_cross_endpoint_inventory_never_emits_confirmation) ... ok
test_exact_single_inventory_match_is_registerable (test_workflow_onboarding.WorkflowOnboardingTests.test_exact_single_inventory_match_is_registerable) ... ok
test_exact_split_inventory_match_is_registerable (test_workflow_onboarding.WorkflowOnboardingTests.test_exact_split_inventory_match_is_registerable) ... ok
test_formatting_only_rewrite_requires_fresh_confirmation_but_same_id (test_workflow_onboarding.WorkflowOnboardingTests.test_formatting_only_rewrite_requires_fresh_confirmation_but_same_id) ... ok
test_inspection_returns_exact_single_and_split_workflow_defaults (test_workflow_onboarding.WorkflowOnboardingTests.test_inspection_returns_exact_single_and_split_workflow_defaults) ... ok
test_missing_boolean_or_invalid_workflow_defaults_fail_closed (test_workflow_onboarding.WorkflowOnboardingTests.test_missing_boolean_or_invalid_workflow_defaults_fail_closed) ... ok
test_offline_inspection_is_diagnostic_and_has_no_confirmation (test_workflow_onboarding.WorkflowOnboardingTests.test_offline_inspection_is_diagnostic_and_has_no_confirmation) ... ok
test_prepare_trust_binding_is_read_only_and_matches_inspection (test_workflow_onboarding.WorkflowOnboardingTests.test_prepare_trust_binding_is_read_only_and_matches_inspection) ... ok
test_registration_rejects_source_semantic_inventory_and_confirmation_drift (test_workflow_onboarding.WorkflowOnboardingTests.test_registration_rejects_source_semantic_inventory_and_confirmation_drift) ... ok
test_registration_rejects_wrong_digest_or_confirmation_without_writing (test_workflow_onboarding.WorkflowOnboardingTests.test_registration_rejects_wrong_digest_or_confirmation_without_writing) ... ok
test_split_components_from_different_endpoints_are_diagnostic (test_workflow_onboarding.WorkflowOnboardingTests.test_split_components_from_different_endpoints_are_diagnostic) ... ok
test_symlink_source_is_rejected_when_supported (test_workflow_onboarding.WorkflowOnboardingTests.test_symlink_source_is_rejected_when_supported) ... ok
test_ui_format_and_multiple_prompt_graphs_are_actionable_rejections (test_workflow_onboarding.WorkflowOnboardingTests.test_ui_format_and_multiple_prompt_graphs_are_actionable_rejections) ... ok
test_unsafe_or_unreadable_sources_fail_before_inspection (test_workflow_onboarding.WorkflowOnboardingTests.test_unsafe_or_unreadable_sources_fail_before_inspection) ... ok
test_workflow_defaults_ignore_node_ids_and_json_key_order (test_workflow_onboarding.WorkflowOnboardingTests.test_workflow_defaults_ignore_node_ids_and_json_key_order) ... ok
test_existing_sdxl_workflow_files_remain_byte_identical (test_workflow_templates.WorkflowTemplateTests.test_existing_sdxl_workflow_files_remain_byte_identical) ... ok
test_import_is_normalized_copied_and_independent_of_source (test_workflow_templates.WorkflowTemplateTests.test_import_is_normalized_copied_and_independent_of_source) ... ok
test_import_rejects_oversized_or_malformed_sources (test_workflow_templates.WorkflowTemplateTests.test_import_rejects_oversized_or_malformed_sources) ... ok
test_inspect_shipped_regional_template_keeps_reviewed_static_values (test_workflow_templates.WorkflowTemplateTests.test_inspect_shipped_regional_template_keeps_reviewed_static_values) ... ok
test_prepare_and_store_match_legacy_registration (test_workflow_templates.WorkflowTemplateTests.test_prepare_and_store_match_legacy_registration) ... ok
test_public_source_reader_returns_exact_bytes_and_json_value (test_workflow_templates.WorkflowTemplateTests.test_public_source_reader_returns_exact_bytes_and_json_value) ... ok
test_regional_nodes_remain_forbidden_in_imported_workflows (test_workflow_templates.WorkflowTemplateTests.test_regional_nodes_remain_forbidden_in_imported_workflows) ... ok
test_regional_template_requires_data_and_standard_rejects_it (test_workflow_templates.WorkflowTemplateTests.test_regional_template_requires_data_and_standard_rejects_it) ... ok
test_rejects_every_unsafe_fixture (test_workflow_templates.WorkflowTemplateTests.test_rejects_every_unsafe_fixture) ... ok
test_rejects_unbound_fields_resource_overruns_and_unknown_model (test_workflow_templates.WorkflowTemplateTests.test_rejects_unbound_fields_resource_overruns_and_unknown_model) ... ok
test_resolve_rejects_unbound_or_over_budget_parameters (test_workflow_templates.WorkflowTemplateTests.test_resolve_rejects_unbound_or_over_budget_parameters) ... ok
test_reviewed_sdxl_regional_template_binds_all_confirmed_values (test_workflow_templates.WorkflowTemplateTests.test_reviewed_sdxl_regional_template_binds_all_confirmed_values) ... ok
test_reviewed_sdxl_template_renders_native_family_and_settings (test_workflow_templates.WorkflowTemplateTests.test_reviewed_sdxl_template_renders_native_family_and_settings) ... ok
test_reviewed_split_model_templates_render_exact_model_contracts (test_workflow_templates.WorkflowTemplateTests.test_reviewed_split_model_templates_render_exact_model_contracts) ... ok
test_shipped_template_renders_only_bound_parameters (test_workflow_templates.WorkflowTemplateTests.test_shipped_template_renders_only_bound_parameters) ... ok
test_split_model_routes_reject_unreviewed_loader_settings (test_workflow_templates.WorkflowTemplateTests.test_split_model_routes_reject_unreviewed_loader_settings) ... ok
test_store_prepared_import_is_idempotent_but_never_repairs_drift (test_workflow_templates.WorkflowTemplateTests.test_store_prepared_import_is_idempotent_but_never_repairs_drift) ... ok
test_tampered_registered_copy_invalidates_registration (test_workflow_templates.WorkflowTemplateTests.test_tampered_registered_copy_invalidates_registration) ... ok
test_two_stage_graph_rejects_every_topology_and_static_drift (test_workflow_templates.WorkflowTemplateTests.test_two_stage_graph_rejects_every_topology_and_static_drift) ... ok
test_two_stage_identity_can_be_inspected_before_layout_selection (test_workflow_templates.WorkflowTemplateTests.test_two_stage_identity_can_be_inspected_before_layout_selection) ... ok
test_two_stage_only_nodes_remain_forbidden_in_imported_workflows (test_workflow_templates.WorkflowTemplateTests.test_two_stage_only_nodes_remain_forbidden_in_imported_workflows) ... ok
test_two_stage_rendered_graph_rejects_numeric_zero_for_boolean (test_workflow_templates.WorkflowTemplateTests.test_two_stage_rendered_graph_rejects_numeric_zero_for_boolean) ... ok
test_two_stage_template_binds_exact_graph_and_roles (test_workflow_templates.WorkflowTemplateTests.test_two_stage_template_binds_exact_graph_and_roles) ... ok

======================================================================
ERROR: test_controlled_writer_uses_constant_time_parent_identity_lookup (test_bootstrap_download.PortableExtractionTests.test_controlled_writer_uses_constant_time_parent_identity_lookup)
----------------------------------------------------------------------
Traceback (most recent call last):
  File "/Users/chevalgrand/Documents/paper/review-checkouts/local-gpu-imagegen-w3/scripts/local_gpu_imagegen/_filesystem_capability.py", line 127, in _final_path_for_descriptor
    return _normalized_final_path(os.readlink(descriptor_path))
                                  ~~~~~~~~~~~^^^^^^^^^^^^^^^^^
FileNotFoundError: [Errno 2] No such file or directory: '/proc/self/fd/3'

The above exception was the direct cause of the following exception:

Traceback (most recent call last):
  File "/Users/chevalgrand/Documents/paper/review-checkouts/local-gpu-imagegen-w3/scripts/local_gpu_imagegen/bootstrap_download.py", line 204, in create
    stream, opened_stat = open_exclusive_output(destination, parent_identity)
                          ~~~~~~~~~~~~~~~~~~~~~^^^^^^^^^^^^^^^^^^^^^^^^^^^^^^
  File "/Users/chevalgrand/Documents/paper/review-checkouts/local-gpu-imagegen-w3/scripts/local_gpu_imagegen/_filesystem_capability.py", line 333, in open_exclusive_output
    parent = _DirectoryCapability.capture(path.parent, parent_identity)
  File "/Users/chevalgrand/Documents/paper/review-checkouts/local-gpu-imagegen-w3/scripts/local_gpu_imagegen/_filesystem_capability.py", line 191, in capture
    _final_path_for_descriptor(descriptor)
    ~~~~~~~~~~~~~~~~~~~~~~~~~~^^^^^^^^^^^^
  File "/Users/chevalgrand/Documents/paper/review-checkouts/local-gpu-imagegen-w3/scripts/local_gpu_imagegen/_filesystem_capability.py", line 129, in _final_path_for_descriptor
    raise OSError("final descriptor path is unavailable") from error
OSError: final descriptor path is unavailable

The above exception was the direct cause of the following exception:

Traceback (most recent call last):
  File "/Users/chevalgrand/Documents/paper/review-checkouts/local-gpu-imagegen-w3/tests/test_bootstrap_download.py", line 1015, in test_controlled_writer_uses_constant_time_parent_identity_lookup
    writer = writer_factory.create(
        str(staging / "ComfyUI_windows_portable" / "python_embeded" / "python.exe")
    )
  File "/Users/chevalgrand/Documents/paper/review-checkouts/local-gpu-imagegen-w3/scripts/local_gpu_imagegen/bootstrap_download.py", line 214, in create
    raise ArtifactError(
    ...<2 lines>...
    ) from error
local_gpu_imagegen.errors.ArtifactError: archive_postcheck_failed: Controlled archive output escaped its invocation-owned parent.

======================================================================
ERROR: setUpClass (test_packaging.PackagingTests)
----------------------------------------------------------------------
Traceback (most recent call last):
  File "/Users/chevalgrand/Documents/paper/review-checkouts/local-gpu-imagegen-w3/tests/test_packaging.py", line 88, in setUpClass
    raise AssertionError(f"wheel build failed:\n{completed.stdout}\n{completed.stderr}")
AssertionError: wheel build failed:

/Users/chevalgrand/.cache/uv/builds-v0/.tmpyc1Df8/bin/python: No module named pip


======================================================================
ERROR: test_atomic_report_installs_exact_complete_bytes_once (test_release_candidate_checks.ReleaseCandidateReportTests.test_atomic_report_installs_exact_complete_bytes_once)
----------------------------------------------------------------------
Traceback (most recent call last):
  File "/Users/chevalgrand/Documents/paper/review-checkouts/local-gpu-imagegen-w3/tests/test_release_candidate_checks.py", line 1888, in test_atomic_report_installs_exact_complete_bytes_once
    checks.atomic_write_report(destination, b"report\n")
    ~~~~~~~~~~~~~~~~~~~~~~~~~~^^^^^^^^^^^^^^^^^^^^^^^^^^
  File "/Users/chevalgrand/Documents/paper/review-checkouts/local-gpu-imagegen-w3/scripts/release_candidate_checks.py", line 1640, in atomic_write_report
    raise OSError("atomic report install unsupported")
OSError: atomic report install unsupported

======================================================================
ERROR: test_atomic_report_racing_destination_creation_is_not_overwritten (test_release_candidate_checks.ReleaseCandidateReportTests.test_atomic_report_racing_destination_creation_is_not_overwritten)
----------------------------------------------------------------------
Traceback (most recent call last):
  File "/Users/chevalgrand/Documents/paper/review-checkouts/local-gpu-imagegen-w3/tests/test_release_candidate_checks.py", line 1906, in test_atomic_report_racing_destination_creation_is_not_overwritten
    self.assertEqual(destination.read_bytes(), b"racing report\n")
                     ~~~~~~~~~~~~~~~~~~~~~~^^
  File "/Users/chevalgrand/.local/share/uv/python/cpython-3.13.15-macos-aarch64-none/lib/python3.13/pathlib/_abc.py", line 625, in read_bytes
    with self.open(mode='rb') as f:
         ~~~~~~~~~^^^^^^^^^^^
  File "/Users/chevalgrand/.local/share/uv/python/cpython-3.13.15-macos-aarch64-none/lib/python3.13/pathlib/_local.py", line 537, in open
    return io.open(self, mode, buffering, encoding, errors, newline)
           ~~~~~~~^^^^^^^^^^^^^^^^^^^^^^^^^^^^^^^^^^^^^^^^^^^^^^^^^^
FileNotFoundError: [Errno 2] No such file or directory: '/var/folders/rk/5gvrw64554x130jjs2lzn2yw0000gn/T/tmpzgffbzrd/report.json'

======================================================================
ERROR: test_atomic_report_recovers_success_after_commit_then_raise (test_release_candidate_checks.ReleaseCandidateReportTests.test_atomic_report_recovers_success_after_commit_then_raise)
----------------------------------------------------------------------
Traceback (most recent call last):
  File "/Users/chevalgrand/Documents/paper/review-checkouts/local-gpu-imagegen-w3/tests/test_release_candidate_checks.py", line 1984, in test_atomic_report_recovers_success_after_commit_then_raise
    checks.atomic_write_report(destination, b"canonical report\n")
    ~~~~~~~~~~~~~~~~~~~~~~~~~~^^^^^^^^^^^^^^^^^^^^^^^^^^^^^^^^^^^^
  File "/Users/chevalgrand/Documents/paper/review-checkouts/local-gpu-imagegen-w3/scripts/release_candidate_checks.py", line 1640, in atomic_write_report
    raise OSError("atomic report install unsupported")
OSError: atomic report install unsupported

======================================================================
ERROR: test_atomic_report_rolls_back_after_post_commit_parent_check_failure (test_release_candidate_checks.ReleaseCandidateReportTests.test_atomic_report_rolls_back_after_post_commit_parent_check_failure)
----------------------------------------------------------------------
Traceback (most recent call last):
  File "/Users/chevalgrand/Documents/paper/review-checkouts/local-gpu-imagegen-w3/tests/test_release_candidate_checks.py", line 1999, in test_atomic_report_rolls_back_after_post_commit_parent_check_failure
    checks.atomic_write_report(destination, b"canonical report\n")
    ~~~~~~~~~~~~~~~~~~~~~~~~~~^^^^^^^^^^^^^^^^^^^^^^^^^^^^^^^^^^^^
  File "/Users/chevalgrand/Documents/paper/review-checkouts/local-gpu-imagegen-w3/scripts/release_candidate_checks.py", line 1640, in atomic_write_report
    raise OSError("atomic report install unsupported")
OSError: atomic report install unsupported

======================================================================
FAIL: test_exact_py7zr_version_is_required_before_staging (test_bootstrap_download.PortableExtractionTests.test_exact_py7zr_version_is_required_before_staging)
----------------------------------------------------------------------
Traceback (most recent call last):
  File "/Users/chevalgrand/Documents/paper/review-checkouts/local-gpu-imagegen-w3/tests/test_bootstrap_download.py", line 1154, in test_exact_py7zr_version_is_required_before_staging
    self.assertEqual(raised.exception.code, "extractor_dependency_mismatch")
    ~~~~~~~~~~~~~~~~^^^^^^^^^^^^^^^^^^^^^^^^^^^^^^^^^^^^^^^^^^^^^^^^^^^^^^^^
AssertionError: 'invalid_install_root' != 'extractor_dependency_mismatch'
- invalid_install_root
+ extractor_dependency_mismatch


======================================================================
FAIL: test_existing_destination_is_preserved_without_staging (test_bootstrap_download.PortableExtractionTests.test_existing_destination_is_preserved_without_staging)
----------------------------------------------------------------------
Traceback (most recent call last):
  File "/Users/chevalgrand/Documents/paper/review-checkouts/local-gpu-imagegen-w3/tests/test_bootstrap_download.py", line 1357, in test_existing_destination_is_preserved_without_staging
    self.assertEqual(raised.exception.code, "portable_destination_conflict")
    ~~~~~~~~~~~~~~~~^^^^^^^^^^^^^^^^^^^^^^^^^^^^^^^^^^^^^^^^^^^^^^^^^^^^^^^^
AssertionError: 'invalid_install_root' != 'portable_destination_conflict'
- invalid_install_root
+ portable_destination_conflict


======================================================================
FAIL: test_extractor_failure_preserves_other_plan_and_uses_platform_cleanup_contract (test_bootstrap_download.PortableExtractionTests.test_extractor_failure_preserves_other_plan_and_uses_platform_cleanup_contract)
----------------------------------------------------------------------
Traceback (most recent call last):
  File "/Users/chevalgrand/Documents/paper/review-checkouts/local-gpu-imagegen-w3/tests/test_bootstrap_download.py", line 1078, in test_extractor_failure_preserves_other_plan_and_uses_platform_cleanup_contract
    self.assertEqual(raised.exception.code, "archive_extract_failed")
    ~~~~~~~~~~~~~~~~^^^^^^^^^^^^^^^^^^^^^^^^^^^^^^^^^^^^^^^^^^^^^^^^^
AssertionError: 'invalid_archive_path' != 'archive_extract_failed'
- invalid_archive_path
+ archive_extract_failed


======================================================================
FAIL: test_missing_or_wrong_type_portable_markers_fail_before_promotion (test_bootstrap_download.PortableExtractionTests.test_missing_or_wrong_type_portable_markers_fail_before_promotion) (options={'include_main': False})
----------------------------------------------------------------------
Traceback (most recent call last):
  File "/Users/chevalgrand/Documents/paper/review-checkouts/local-gpu-imagegen-w3/tests/test_bootstrap_download.py", line 1040, in test_missing_or_wrong_type_portable_markers_fail_before_promotion
    self.assertEqual(raised.exception.code, "invalid_portable_layout")
    ~~~~~~~~~~~~~~~~^^^^^^^^^^^^^^^^^^^^^^^^^^^^^^^^^^^^^^^^^^^^^^^^^^
AssertionError: 'invalid_install_root' != 'invalid_portable_layout'
- invalid_install_root
+ invalid_portable_layout


======================================================================
FAIL: test_missing_or_wrong_type_portable_markers_fail_before_promotion (test_bootstrap_download.PortableExtractionTests.test_missing_or_wrong_type_portable_markers_fail_before_promotion) (options={'python_is_directory': True})
----------------------------------------------------------------------
Traceback (most recent call last):
  File "/Users/chevalgrand/Documents/paper/review-checkouts/local-gpu-imagegen-w3/tests/test_bootstrap_download.py", line 1040, in test_missing_or_wrong_type_portable_markers_fail_before_promotion
    self.assertEqual(raised.exception.code, "invalid_portable_layout")
    ~~~~~~~~~~~~~~~~^^^^^^^^^^^^^^^^^^^^^^^^^^^^^^^^^^^^^^^^^^^^^^^^^^
AssertionError: 'invalid_install_root' != 'invalid_portable_layout'
- invalid_install_root
+ invalid_portable_layout


======================================================================
FAIL: test_post_extraction_inventory_drift_retains_unowned_residue (test_bootstrap_download.PortableExtractionTests.test_post_extraction_inventory_drift_retains_unowned_residue) (mutation='unexpected_file')
----------------------------------------------------------------------
Traceback (most recent call last):
  File "/Users/chevalgrand/Documents/paper/review-checkouts/local-gpu-imagegen-w3/tests/test_bootstrap_download.py", line 1115, in test_post_extraction_inventory_drift_retains_unowned_residue
    self.assertEqual(raised.exception.code, "archive_postcheck_failed")
    ~~~~~~~~~~~~~~~~^^^^^^^^^^^^^^^^^^^^^^^^^^^^^^^^^^^^^^^^^^^^^^^^^^^
AssertionError: 'invalid_install_root' != 'archive_postcheck_failed'
- invalid_install_root
+ archive_postcheck_failed


======================================================================
FAIL: test_post_extraction_inventory_drift_retains_unowned_residue (test_bootstrap_download.PortableExtractionTests.test_post_extraction_inventory_drift_retains_unowned_residue) (mutation='type_drift')
----------------------------------------------------------------------
Traceback (most recent call last):
  File "/Users/chevalgrand/Documents/paper/review-checkouts/local-gpu-imagegen-w3/tests/test_bootstrap_download.py", line 1115, in test_post_extraction_inventory_drift_retains_unowned_residue
    self.assertEqual(raised.exception.code, "archive_postcheck_failed")
    ~~~~~~~~~~~~~~~~^^^^^^^^^^^^^^^^^^^^^^^^^^^^^^^^^^^^^^^^^^^^^^^^^^^
AssertionError: 'invalid_install_root' != 'archive_postcheck_failed'
- invalid_install_root
+ archive_postcheck_failed


======================================================================
FAIL: test_install_root_parent_swap_during_staging_creation_never_promotes_external_portable (test_bootstrap_service.BootstrapServiceTests.test_install_root_parent_swap_during_staging_creation_never_promotes_external_portable)
----------------------------------------------------------------------
Traceback (most recent call last):
  File "/Users/chevalgrand/Documents/paper/review-checkouts/local-gpu-imagegen-w3/tests/test_bootstrap_service.py", line 1452, in test_install_root_parent_swap_during_staging_creation_never_promotes_external_portable
    self.assertEqual(result["error"], {"code": "invalid_install_root"})
    ~~~~~~~~~~~~~~~~^^^^^^^^^^^^^^^^^^^^^^^^^^^^^^^^^^^^^^^^^^^^^^^^^^^
AssertionError: {'code': 'invalid_archive_path'} != {'code': 'invalid_install_root'}
- {'code': 'invalid_archive_path'}
+ {'code': 'invalid_install_root'}

======================================================================
FAIL: test_posix_promotion_retains_replacement_inserted_after_source_open (test_filesystem_capability.FilesystemCapabilityTests.test_posix_promotion_retains_replacement_inserted_after_source_open)
----------------------------------------------------------------------
Traceback (most recent call last):
  File "/Users/chevalgrand/Documents/paper/review-checkouts/local-gpu-imagegen-w3/tests/test_filesystem_capability.py", line 117, in test_posix_promotion_retains_replacement_inserted_after_source_open
    self.assertEqual(raised.exception.errno, errno.ENOTSUP)
    ~~~~~~~~~~~~~~~~^^^^^^^^^^^^^^^^^^^^^^^^^^^^^^^^^^^^^^^
AssertionError: None != 45

======================================================================
FAIL: test_compile_rejects_boolean_source_count (test_release_candidate_checks.ReleaseCandidateInstalledTests.test_compile_rejects_boolean_source_count)
----------------------------------------------------------------------
Traceback (most recent call last):
  File "/Users/chevalgrand/Documents/paper/review-checkouts/local-gpu-imagegen-w3/tests/test_release_candidate_checks.py", line 1478, in test_compile_rejects_boolean_source_count
    self.assertIn("installed_compile_failed", self.codes(results))
    ~~~~~~~~~~~~~^^^^^^^^^^^^^^^^^^^^^^^^^^^^^^^^^^^^^^^^^^^^^^^^^
AssertionError: 'installed_compile_failed' not found in {'installed_pip_install_failed'}

======================================================================
FAIL: test_doctor_ready_true_is_blocked (test_release_candidate_checks.ReleaseCandidateInstalledTests.test_doctor_ready_true_is_blocked)
----------------------------------------------------------------------
Traceback (most recent call last):
  File "/Users/chevalgrand/Documents/paper/review-checkouts/local-gpu-imagegen-w3/tests/test_release_candidate_checks.py", line 1561, in test_doctor_ready_true_is_blocked
    self.assertIn("installed_doctor_mismatch", self.codes(results))
    ~~~~~~~~~~~~~^^^^^^^^^^^^^^^^^^^^^^^^^^^^^^^^^^^^^^^^^^^^^^^^^^
AssertionError: 'installed_doctor_mismatch' not found in {'installed_pip_install_failed'}

======================================================================
FAIL: test_failures_are_mapped_without_tracebacks (test_release_candidate_checks.ReleaseCandidateInstalledTests.test_failures_are_mapped_without_tracebacks) (target='verify')
----------------------------------------------------------------------
Traceback (most recent call last):
  File "/Users/chevalgrand/Documents/paper/review-checkouts/local-gpu-imagegen-w3/tests/test_release_candidate_checks.py", line 1532, in test_failures_are_mapped_without_tracebacks
    self.assertIn(expected, self.codes(results))
    ~~~~~~~~~~~~~^^^^^^^^^^^^^^^^^^^^^^^^^^^^^^^
AssertionError: 'installed_json_invalid' not found in {'installed_pip_install_failed'}

======================================================================
FAIL: test_failures_are_mapped_without_tracebacks (test_release_candidate_checks.ReleaseCandidateInstalledTests.test_failures_are_mapped_without_tracebacks) (target='doctor')
----------------------------------------------------------------------
Traceback (most recent call last):
  File "/Users/chevalgrand/Documents/paper/review-checkouts/local-gpu-imagegen-w3/tests/test_release_candidate_checks.py", line 1532, in test_failures_are_mapped_without_tracebacks
    self.assertIn(expected, self.codes(results))
    ~~~~~~~~~~~~~^^^^^^^^^^^^^^^^^^^^^^^^^^^^^^^
AssertionError: 'installed_doctor_mismatch' not found in {'installed_pip_install_failed'}

======================================================================
FAIL: test_failures_are_mapped_without_tracebacks (test_release_candidate_checks.ReleaseCandidateInstalledTests.test_failures_are_mapped_without_tracebacks) (target='setup')
----------------------------------------------------------------------
Traceback (most recent call last):
  File "/Users/chevalgrand/Documents/paper/review-checkouts/local-gpu-imagegen-w3/tests/test_release_candidate_checks.py", line 1532, in test_failures_are_mapped_without_tracebacks
    self.assertIn(expected, self.codes(results))
    ~~~~~~~~~~~~~^^^^^^^^^^^^^^^^^^^^^^^^^^^^^^^
AssertionError: 'installed_setup_contract_mismatch' not found in {'installed_pip_install_failed'}

======================================================================
FAIL: test_failures_are_mapped_without_tracebacks (test_release_candidate_checks.ReleaseCandidateInstalledTests.test_failures_are_mapped_without_tracebacks) (target='compile')
----------------------------------------------------------------------
Traceback (most recent call last):
  File "/Users/chevalgrand/Documents/paper/review-checkouts/local-gpu-imagegen-w3/tests/test_release_candidate_checks.py", line 1532, in test_failures_are_mapped_without_tracebacks
    self.assertIn(expected, self.codes(results))
    ~~~~~~~~~~~~~^^^^^^^^^^^^^^^^^^^^^^^^^^^^^^^
AssertionError: 'installed_compile_failed' not found in {'installed_pip_install_failed'}

======================================================================
FAIL: test_installed_check_materializes_only_the_supplied_immutable_payload (test_release_candidate_checks.ReleaseCandidateInstalledTests.test_installed_check_materializes_only_the_supplied_immutable_payload)
----------------------------------------------------------------------
Traceback (most recent call last):
  File "/Users/chevalgrand/Documents/paper/review-checkouts/local-gpu-imagegen-w3/tests/test_release_candidate_checks.py", line 1326, in test_installed_check_materializes_only_the_supplied_immutable_payload
    self.assertEqual(runner.installed_bytes, b"attacker wheel bytes")
    ~~~~~~~~~~~~~~~~^^^^^^^^^^^^^^^^^^^^^^^^^^^^^^^^^^^^^^^^^^^^^^^^^
AssertionError: None != b'attacker wheel bytes'

======================================================================
FAIL: test_installed_contract_requires_exact_version_protocol_and_tools (test_release_candidate_checks.ReleaseCandidateInstalledTests.test_installed_contract_requires_exact_version_protocol_and_tools) (field='version')
----------------------------------------------------------------------
Traceback (most recent call last):
  File "/Users/chevalgrand/Documents/paper/review-checkouts/local-gpu-imagegen-w3/tests/test_release_candidate_checks.py", line 1500, in test_installed_contract_requires_exact_version_protocol_and_tools
    self.assertIn(expected, self.codes(results))
    ~~~~~~~~~~~~~^^^^^^^^^^^^^^^^^^^^^^^^^^^^^^^
AssertionError: 'installed_version_mismatch' not found in {'installed_pip_install_failed'}

======================================================================
FAIL: test_installed_contract_requires_exact_version_protocol_and_tools (test_release_candidate_checks.ReleaseCandidateInstalledTests.test_installed_contract_requires_exact_version_protocol_and_tools) (field='protocol')
----------------------------------------------------------------------
Traceback (most recent call last):
  File "/Users/chevalgrand/Documents/paper/review-checkouts/local-gpu-imagegen-w3/tests/test_release_candidate_checks.py", line 1500, in test_installed_contract_requires_exact_version_protocol_and_tools
    self.assertIn(expected, self.codes(results))
    ~~~~~~~~~~~~~^^^^^^^^^^^^^^^^^^^^^^^^^^^^^^^
AssertionError: 'installed_protocol_mismatch' not found in {'installed_pip_install_failed'}

======================================================================
FAIL: test_installed_contract_requires_exact_version_protocol_and_tools (test_release_candidate_checks.ReleaseCandidateInstalledTests.test_installed_contract_requires_exact_version_protocol_and_tools) (field='tools')
----------------------------------------------------------------------
Traceback (most recent call last):
  File "/Users/chevalgrand/Documents/paper/review-checkouts/local-gpu-imagegen-w3/tests/test_release_candidate_checks.py", line 1500, in test_installed_contract_requires_exact_version_protocol_and_tools
    self.assertIn(expected, self.codes(results))
    ~~~~~~~~~~~~~^^^^^^^^^^^^^^^^^^^^^^^^^^^^^^^
AssertionError: 'installed_tool_contract_mismatch' not found in {'installed_pip_install_failed'}

======================================================================
FAIL: test_json_boundary_rejects_empty_oversized_non_object_traceback_and_timeout (test_release_candidate_checks.ReleaseCandidateInstalledTests.test_json_boundary_rejects_empty_oversized_non_object_traceback_and_timeout) (output_type='str', size=0)
----------------------------------------------------------------------
Traceback (most recent call last):
  File "/Users/chevalgrand/Documents/paper/review-checkouts/local-gpu-imagegen-w3/tests/test_release_candidate_checks.py", line 1543, in test_json_boundary_rejects_empty_oversized_non_object_traceback_and_timeout
    self.assertIn("installed_json_invalid", self.codes(results))
    ~~~~~~~~~~~~~^^^^^^^^^^^^^^^^^^^^^^^^^^^^^^^^^^^^^^^^^^^^^^^
AssertionError: 'installed_json_invalid' not found in {'installed_pip_install_failed'}

======================================================================
FAIL: test_json_boundary_rejects_empty_oversized_non_object_traceback_and_timeout (test_release_candidate_checks.ReleaseCandidateInstalledTests.test_json_boundary_rejects_empty_oversized_non_object_traceback_and_timeout) (output_type='str', size=1048577)
----------------------------------------------------------------------
Traceback (most recent call last):
  File "/Users/chevalgrand/Documents/paper/review-checkouts/local-gpu-imagegen-w3/tests/test_release_candidate_checks.py", line 1543, in test_json_boundary_rejects_empty_oversized_non_object_traceback_and_timeout
    self.assertIn("installed_json_invalid", self.codes(results))
    ~~~~~~~~~~~~~^^^^^^^^^^^^^^^^^^^^^^^^^^^^^^^^^^^^^^^^^^^^^^^
AssertionError: 'installed_json_invalid' not found in {'installed_pip_install_failed'}

======================================================================
FAIL: test_json_boundary_rejects_empty_oversized_non_object_traceback_and_timeout (test_release_candidate_checks.ReleaseCandidateInstalledTests.test_json_boundary_rejects_empty_oversized_non_object_traceback_and_timeout) (output_type='str', size=2)
----------------------------------------------------------------------
Traceback (most recent call last):
  File "/Users/chevalgrand/Documents/paper/review-checkouts/local-gpu-imagegen-w3/tests/test_release_candidate_checks.py", line 1543, in test_json_boundary_rejects_empty_oversized_non_object_traceback_and_timeout
    self.assertIn("installed_json_invalid", self.codes(results))
    ~~~~~~~~~~~~~^^^^^^^^^^^^^^^^^^^^^^^^^^^^^^^^^^^^^^^^^^^^^^^
AssertionError: 'installed_json_invalid' not found in {'installed_pip_install_failed'}

======================================================================
FAIL: test_json_boundary_rejects_empty_oversized_non_object_traceback_and_timeout (test_release_candidate_checks.ReleaseCandidateInstalledTests.test_json_boundary_rejects_empty_oversized_non_object_traceback_and_timeout) (output_type='str', size=12)
----------------------------------------------------------------------
Traceback (most recent call last):
  File "/Users/chevalgrand/Documents/paper/review-checkouts/local-gpu-imagegen-w3/tests/test_release_candidate_checks.py", line 1543, in test_json_boundary_rejects_empty_oversized_non_object_traceback_and_timeout
    self.assertIn("installed_json_invalid", self.codes(results))
    ~~~~~~~~~~~~~^^^^^^^^^^^^^^^^^^^^^^^^^^^^^^^^^^^^^^^^^^^^^^^
AssertionError: 'installed_json_invalid' not found in {'installed_pip_install_failed'}

======================================================================
FAIL: test_json_boundary_rejects_empty_oversized_non_object_traceback_and_timeout (test_release_candidate_checks.ReleaseCandidateInstalledTests.test_json_boundary_rejects_empty_oversized_non_object_traceback_and_timeout)
----------------------------------------------------------------------
Traceback (most recent call last):
  File "/Users/chevalgrand/Documents/paper/review-checkouts/local-gpu-imagegen-w3/tests/test_release_candidate_checks.py", line 1555, in test_json_boundary_rejects_empty_oversized_non_object_traceback_and_timeout
    self.assertIn("installed_contract_mismatch", self.codes(results))
    ~~~~~~~~~~~~~^^^^^^^^^^^^^^^^^^^^^^^^^^^^^^^^^^^^^^^^^^^^^^^^^^^^
AssertionError: 'installed_contract_mismatch' not found in {'installed_pip_install_failed'}

======================================================================
FAIL: test_setup_marker_creation_is_blocked (test_release_candidate_checks.ReleaseCandidateInstalledTests.test_setup_marker_creation_is_blocked)
----------------------------------------------------------------------
Traceback (most recent call last):
  File "/Users/chevalgrand/Documents/paper/review-checkouts/local-gpu-imagegen-w3/tests/test_release_candidate_checks.py", line 1573, in test_setup_marker_creation_is_blocked
    self.assertIn("installed_setup_contract_mismatch", self.codes(results))
    ~~~~~~~~~~~~~^^^^^^^^^^^^^^^^^^^^^^^^^^^^^^^^^^^^^^^^^^^^^^^^^^^^^^^^^^
AssertionError: 'installed_setup_contract_mismatch' not found in {'installed_pip_install_failed'}

======================================================================
FAIL: test_valid_path_uses_supplied_python_to_create_and_verify_venv (test_release_candidate_checks.ReleaseCandidateInstalledTests.test_valid_path_uses_supplied_python_to_create_and_verify_venv)
----------------------------------------------------------------------
Traceback (most recent call last):
  File "/Users/chevalgrand/Documents/paper/review-checkouts/local-gpu-imagegen-w3/tests/test_release_candidate_checks.py", line 1151, in test_valid_path_uses_supplied_python_to_create_and_verify_venv
    self.assertFalse(self.codes(results), results)
    ~~~~~~~~~~~~~~~~^^^^^^^^^^^^^^^^^^^^^^^^^^^^^^
AssertionError: {'installed_pip_install_failed'} is not false : [{'id': 'installed_pip', 'status': 'blocked', 'code': 'installed_pip_install_failed'}, {'id': 'installed_venv', 'status': 'passed', 'observation': {}}, {'id': 'installed_venv_python', 'status': 'passed', 'observation': {'version': [3, 12]}}, {'id': 'release_python', 'status': 'passed', 'observation': {'version': [3, 12]}}]

======================================================================
FAIL: test_cli_returns_zero_and_identical_stdout_and_report_for_pass (test_validate_release_candidate.ValidateReleaseCandidateCliTests.test_cli_returns_zero_and_identical_stdout_and_report_for_pass)
----------------------------------------------------------------------
Traceback (most recent call last):
  File "/Users/chevalgrand/Documents/paper/review-checkouts/local-gpu-imagegen-w3/tests/test_validate_release_candidate.py", line 87, in test_cli_returns_zero_and_identical_stdout_and_report_for_pass
    self.assertEqual(exit_code, 0)
    ~~~~~~~~~~~~~~~~^^^^^^^^^^^^^^
AssertionError: 1 != 0

======================================================================
FAIL: test_cli_stdout_matches_report_after_commit_then_raise (test_validate_release_candidate.ValidateReleaseCandidateCliTests.test_cli_stdout_matches_report_after_commit_then_raise)
----------------------------------------------------------------------
Traceback (most recent call last):
  File "/Users/chevalgrand/Documents/paper/review-checkouts/local-gpu-imagegen-w3/tests/test_validate_release_candidate.py", line 126, in test_cli_stdout_matches_report_after_commit_then_raise
    self.assertEqual(exit_code, 0)
    ~~~~~~~~~~~~~~~~^^^^^^^^^^^^^^
AssertionError: 1 != 0

----------------------------------------------------------------------
Ran 1187 tests in 84.791s

FAILED (failures=28, errors=6, skipped=41)
